-- phpMyAdmin SQL Dump
-- version 4.8.5
-- https://www.phpmyadmin.net/
--
-- Host: 127.0.0.1
-- Generation Time: Aug 18, 2019 at 01:50 PM
-- Server version: 10.1.38-MariaDB
-- PHP Version: 7.3.2

SET SQL_MODE = "NO_AUTO_VALUE_ON_ZERO";
SET AUTOCOMMIT = 0;
START TRANSACTION;
SET time_zone = "+00:00";


/*!40101 SET @OLD_CHARACTER_SET_CLIENT=@@CHARACTER_SET_CLIENT */;
/*!40101 SET @OLD_CHARACTER_SET_RESULTS=@@CHARACTER_SET_RESULTS */;
/*!40101 SET @OLD_COLLATION_CONNECTION=@@COLLATION_CONNECTION */;
/*!40101 SET NAMES utf8mb4 */;

--
-- Database: `reservasi`
--

-- --------------------------------------------------------

--
-- Table structure for table `tb_agama`
--

CREATE TABLE `tb_agama` (
  `kd_agama` int(11) NOT NULL,
  `agama` varchar(200) DEFAULT NULL
) ENGINE=InnoDB DEFAULT CHARSET=latin1;

--
-- Dumping data for table `tb_agama`
--

INSERT INTO `tb_agama` (`kd_agama`, `agama`) VALUES
(1, 'Islam'),
(2, 'Kristen'),
(3, 'Katholik'),
(4, 'Hindu'),
(5, 'Budha'),
(6, 'Konghuchu');

-- --------------------------------------------------------

--
-- Table structure for table `tb_karyawan`
--

CREATE TABLE `tb_karyawan` (
  `id` int(11) NOT NULL,
  `nama` varchar(100) NOT NULL DEFAULT '0',
  `email` varchar(100) NOT NULL DEFAULT '0',
  `password` varchar(100) NOT NULL DEFAULT '0',
  `alamat` text,
  `nohp` varchar(20) NOT NULL DEFAULT '0',
  `status` tinyint(1) NOT NULL DEFAULT '0'
) ENGINE=InnoDB DEFAULT CHARSET=latin1;

--
-- Dumping data for table `tb_karyawan`
--

INSERT INTO `tb_karyawan` (`id`, `nama`, `email`, `password`, `alamat`, `nohp`, `status`) VALUES
(1, 'Puas', 'puas@gmail.com', 'admin', 'Baturraden', '0857417600009', 1);

-- --------------------------------------------------------

--
-- Table structure for table `tb_kendaraan`
--

CREATE TABLE `tb_kendaraan` (
  `id` int(11) NOT NULL,
  `kendaraan` varchar(200) DEFAULT NULL,
  `plat` varchar(50) DEFAULT NULL,
  `tahun` int(11) DEFAULT NULL,
  `warna` varchar(50) DEFAULT NULL,
  `tgl_servis` date DEFAULT NULL,
  `harga_reservasi` double DEFAULT NULL,
  `keterangan` text,
  `status` tinyint(1) DEFAULT '0' COMMENT '0:Tidak Aktif;1:Aktif'
) ENGINE=InnoDB DEFAULT CHARSET=latin1;

--
-- Dumping data for table `tb_kendaraan`
--

INSERT INTO `tb_kendaraan` (`id`, `kendaraan`, `plat`, `tahun`, `warna`, `tgl_servis`, `harga_reservasi`, `keterangan`, `status`) VALUES
(1, 'XENIA', 'B0121SP', 2017, 'abu-abu', '2018-07-28', 200000, 'GANTI OLI DAN PERMAK BODY', 1),
(2, 'XPANDER', 'B0012XL', 2017, 'MERAH', '2018-06-29', 200000, 'Ganti OLI', 1),
(3, 'ERTIGA', 'H23DN', 2018, 'BLACK', '2018-05-31', 200000, 'GANTI OLI DAN PERMAK BODY', 1),
(5, 'FORTUNER', 'H223DN', 2016, 'SILVER', '2018-04-03', 400000, 'GANTI OLI DAN PERMAK BODY', 0),
(7, 'MOBILIO', 'H243DN', 2016, 'GREEN', '2018-02-04', 250000, 'GANTI OLI DAN PERMAK BODY', 1),
(9, 'HR-V', 'H423DN', 2016, 'WHITE', '2017-12-08', 300000, 'GANTI OLI DAN PERMAK BODY', 1),
(12, 'XENIA', 'B0121SP', 2017, '2018-08-03', '2018-07-28', 200000, 'servis', 1);

-- --------------------------------------------------------

--
-- Table structure for table `tb_pekerjaan`
--

CREATE TABLE `tb_pekerjaan` (
  `pekerjaan_id` int(11) NOT NULL,
  `pekerjaan` varchar(100) NOT NULL DEFAULT '0'
) ENGINE=InnoDB DEFAULT CHARSET=latin1;

--
-- Dumping data for table `tb_pekerjaan`
--

INSERT INTO `tb_pekerjaan` (`pekerjaan_id`, `pekerjaan`) VALUES
(1, 'PNS'),
(2, 'TNI'),
(3, 'POLRI'),
(4, 'DOSEN / GURU'),
(5, 'PETANI'),
(6, 'WIRASWASTA'),
(7, 'NELAYAN'),
(8, 'PROGRAMMER'),
(9, 'LAIN-LAIN'),
(10, 'Buruh');

-- --------------------------------------------------------

--
-- Table structure for table `tb_pelanggan`
--

CREATE TABLE `tb_pelanggan` (
  `id` int(11) NOT NULL,
  `ktp` bigint(20) DEFAULT NULL,
  `nama` varchar(100) NOT NULL,
  `tpt_lahir` varchar(100) DEFAULT NULL,
  `tgl_lahir` date DEFAULT NULL,
  `jk` enum('L','P') NOT NULL DEFAULT 'L' COMMENT 'L: Laki-Laki;P:Perempuan',
  `alamat` text,
  `kd_agama` int(11) DEFAULT NULL,
  `kd_kawin` int(11) DEFAULT NULL,
  `kd_pekerjaan` int(11) DEFAULT NULL,
  `kewarganegaraan` enum('WNI','WNA') DEFAULT 'WNI',
  `nohp` varchar(20) DEFAULT NULL,
  `jumlah_pinjam` int(11) DEFAULT '0',
  `status` tinyint(1) NOT NULL DEFAULT '0' COMMENT '0: Tdk Aktif; 1:Aktif'
) ENGINE=InnoDB DEFAULT CHARSET=latin1;

--
-- Dumping data for table `tb_pelanggan`
--

INSERT INTO `tb_pelanggan` (`id`, `ktp`, `nama`, `tpt_lahir`, `tgl_lahir`, `jk`, `alamat`, `kd_agama`, `kd_kawin`, `kd_pekerjaan`, `kewarganegaraan`, `nohp`, `jumlah_pinjam`, `status`) VALUES
(1, 330121212121, 'YUDHISTIRA ADI NUGROHO PAMUNGKAS', 'PURWOKERTO', '1982-06-02', 'L', 'PURWOKERTO', NULL, NULL, NULL, 'WNI', '6285640795986', 0, 1),
(2, 330121212122, 'HOLI SHENDITIRA TAMA', 'PURWOKERTO', '1982-06-03', 'P', 'PURWOKERTO', NULL, NULL, NULL, 'WNI', '6285640795987', 0, 1),
(3, 330121212123, 'LUKY MAULANA', 'PURWOKERTO', '1982-06-04', 'L', 'PURWOKERTO', 1, 1, 3, 'WNI', '6285640795988', 0, 0),
(4, 330121212124, 'PUTRA RIZKY RAMADHONA', 'PURWOKERTO', '1982-06-05', 'P', 'PURWOKERTO', 5, 2, 4, 'WNI', '6285640795989', 0, 1),
(5, 330121212125, 'FAJAR RIZNA PRAYOGA', 'PURWOKERTO', '1982-06-06', 'L', 'PURWOKERTO', 2, 3, 1, 'WNI', '6285640795990', 0, 0),
(6, 330121212126, 'BUTANSYAH AULIANDAYASYA', 'PURWOKERTO', '1982-06-07', 'P', 'PURWOKERTO', 4, 3, 7, 'WNI', '6285640795991', 0, 0),
(7, 330121212127, 'FERDIANSYAH', 'PURWOKERTO', '1982-06-08', 'L', 'PURWOKERTO', 2, 1, 7, 'WNI', '6285640795992', 0, 0),
(8, 330121212128, 'DELLA SRIE WIDHIASTRI', 'PURWOKERTO', '1982-06-09', 'P', 'PURWOKERTO', 5, 1, 9, 'WNI', '6285640795993', 0, 1),
(9, 330121212129, 'MUHAMMAD ARIFZALSYAH', 'PURWOKERTO', '1982-06-10', 'L', 'PURWOKERTO', 1, 4, 4, 'WNI', '6285640795994', 0, 0),
(10, 330121212130, 'TESAR LEVIANO', 'PURWOKERTO', '1982-06-11', 'P', 'PURWOKERTO', 4, 1, 1, 'WNI', '6285640795995', 0, 1),
(11, 330121212131, 'DANIEL RITTAR JOSUA PANJAITAN', 'PURWOKERTO', '1982-06-12', 'L', 'PURWOKERTO', 1, 1, 5, 'WNI', '6285640795996', 0, 0),
(12, 330121212132, 'HASAN MAULANA', 'PURWOKERTO', '1982-06-13', 'P', 'PURWOKERTO', 5, 3, 5, 'WNI', '6285640795997', 0, 0),
(13, 330121212133, 'BAGUS CANDRA FAMELO', 'PURWOKERTO', '1982-06-14', 'L', 'PURWOKERTO', 4, 3, 5, 'WNI', '6285640795998', 0, 1),
(14, 330121212134, 'MEGA WIRABHANGGA SUHERMAN', 'PURWOKERTO', '1982-06-15', 'P', 'PURWOKERTO', 2, 1, 8, 'WNI', '6285640795999', 0, 1),
(15, 330121212135, 'RYAN MERDIANSYAH AMRI', 'PURWOKERTO', '1982-06-16', 'L', 'PURWOKERTO', 1, 1, 8, 'WNI', '6285640796000', 0, 1),
(16, 330121212136, 'SWANDARI SEREMIAN PUTRIARYNINGTYAS', 'PURWOKERTO', '1982-06-17', 'P', 'PURWOKERTO', 5, 3, 9, 'WNI', '6285640796001', 0, 1),
(17, 330121212137, 'AINIAMZIA', 'PURWOKERTO', '1982-06-18', 'L', 'PURWOKERTO', 3, 4, 4, 'WNI', '6285640796002', 0, 0),
(18, 330121212138, 'FENI YULIANTI', 'PURWOKERTO', '1982-06-19', 'P', 'PURWOKERTO', 3, 1, 7, 'WNI', '6285640796003', 0, 0),
(19, 330121212139, 'RIZKY AHMAD SULAIMAN', 'PURWOKERTO', '1982-06-20', 'L', 'PURWOKERTO', 4, 4, 7, 'WNI', '6285640796004', 0, 1),
(20, 330121212140, 'WINA MARLINA SUKMANA', 'PURWOKERTO', '1982-06-21', 'P', 'PURWOKERTO', 5, 2, 4, 'WNI', '6285640796005', 0, 1),
(21, 330121212141, 'REZKY DWI SATRIO', 'PURWOKERTO', '1982-06-22', 'L', 'PURWOKERTO', 5, 2, 7, 'WNI', '6285640796006', 0, 0),
(22, 330121212142, 'WIRIA INDRASWARI', 'PURWOKERTO', '1982-06-23', 'P', 'PURWOKERTO', 3, 2, 5, 'WNI', '6285640796007', 0, 1),
(23, 330121212143, 'YUSRIL IKHLAS ALAMSYAH', 'PURWOKERTO', '1982-06-24', 'L', 'PURWOKERTO', 2, 2, 8, 'WNI', '6285640796008', 0, 1),
(24, 330121212144, 'DENIS ARIA PRIMASETYA', 'PURWOKERTO', '1982-06-25', 'P', 'PURWOKERTO', 5, 3, 7, 'WNI', '6285640796009', 0, 1),
(25, 330121212145, 'BAGUS MAHESA WIDIANTO', 'PURWOKERTO', '1982-06-26', 'L', 'PURWOKERTO', 1, 3, 8, 'WNI', '6285640796010', 0, 0),
(26, 330121212146, 'VALDI ALMANDO', 'PURWOKERTO', '1982-06-27', 'P', 'PURWOKERTO', 4, 4, 5, 'WNI', '6285640796011', 0, 0),
(27, 330121212147, 'RISYA SYAFRIANTI', 'PURWOKERTO', '1982-06-28', 'L', 'PURWOKERTO', 5, 2, 6, 'WNI', '6285640796012', 0, 1),
(28, 330121212148, 'DEDY PRAMONO SINGGIH', 'PURWOKERTO', '1982-06-29', 'P', 'PURWOKERTO', 2, 2, 3, 'WNI', '6285640796013', 0, 1),
(29, 330121212149, 'FIRNANDA ARDIANTO', 'PURWOKERTO', '1982-06-30', 'L', 'PURWOKERTO', 2, 2, 8, 'WNI', '6285640796014', 0, 0),
(30, 330121212150, 'RONNY RIZKI PRATAMA', 'PURWOKERTO', '1982-07-01', 'P', 'PURWOKERTO', 5, 2, 1, 'WNI', '6285640796015', 0, 0),
(31, 330121212151, 'GINA ARISTA VIRLANDRI', 'PURWOKERTO', '1982-07-02', 'L', 'PURWOKERTO', 4, 4, 1, 'WNI', '6285640796016', 0, 0),
(32, 330121212152, 'IKA DEWI PERMATASARI', 'PURWOKERTO', '1982-07-03', 'P', 'PURWOKERTO', 3, 1, 5, 'WNI', '6285640796017', 0, 0),
(33, 330121212153, 'ANDI ECCE K.', 'PURWOKERTO', '1982-07-04', 'L', 'PURWOKERTO', 3, 4, 7, 'WNI', '6285640796018', 0, 1),
(34, 330121212154, 'RITA HANIYATI', 'PURWOKERTO', '1982-07-05', 'P', 'PURWOKERTO', 2, 1, 9, 'WNI', '6285640796019', 0, 1),
(35, 330121212155, 'ANNANTO WIDYOISWORO', 'PURWOKERTO', '1982-07-06', 'L', 'PURWOKERTO', 2, 3, 6, 'WNI', '6285640796020', 0, 1),
(36, 330121212156, 'M. FARIZ SHANI NUGROHO', 'PURWOKERTO', '1982-07-07', 'P', 'PURWOKERTO', 2, 4, 4, 'WNI', '6285640796021', 0, 1),
(37, 330121212157, 'FRANSISCA RAHAYU HERMIANTI', 'PURWOKERTO', '1982-07-08', 'L', 'PURWOKERTO', 1, 3, 7, 'WNI', '6285640796022', 0, 1),
(38, 330121212158, 'WULANDARI', 'PURWOKERTO', '1982-07-09', 'P', 'PURWOKERTO', 5, 4, 2, 'WNI', '6285640796023', 0, 0),
(39, 330121212159, 'ADE WIKASYAH', 'PURWOKERTO', '1982-07-10', 'L', 'PURWOKERTO', 2, 4, 4, 'WNI', '6285640796024', 0, 1),
(40, 330121212160, 'HUSEIN ADITIYO', 'PURWOKERTO', '1982-07-11', 'P', 'PURWOKERTO', 2, 1, 5, 'WNI', '6285640796025', 0, 1),
(41, 330121212161, 'RINALDI PRATAMA', 'PURWOKERTO', '1982-07-12', 'L', 'PURWOKERTO', 5, 4, 8, 'WNI', '6285640796026', 0, 1),
(42, 330121212162, 'AGUS FIUS PRATAMA', 'PURWOKERTO', '1982-07-13', 'P', 'PURWOKERTO', 2, 1, 7, 'WNI', '6285640796027', 0, 1),
(43, 330121212163, 'ALVIN ANDHIKA PUTRA', 'PURWOKERTO', '1982-07-14', 'L', 'PURWOKERTO', 3, 4, 7, 'WNI', '6285640796028', 0, 0),
(44, 330121212164, 'IRFAN FIKRI', 'PURWOKERTO', '1982-07-15', 'P', 'PURWOKERTO', 1, 4, 1, 'WNI', '6285640796029', 0, 0),
(45, 330121212165, 'MUHAMMAD INDRA PRAJA', 'PURWOKERTO', '1982-07-16', 'L', 'PURWOKERTO', 3, 1, 4, 'WNI', '6285640796030', 0, 0),
(46, 330121212166, 'MOCHAMAD IRSAD', 'PURWOKERTO', '1982-07-17', 'P', 'PURWOKERTO', 2, 2, 8, 'WNI', '6285640796031', 0, 1),
(47, 330121212167, 'MUHAMAD HAKIM', 'PURWOKERTO', '1982-07-18', 'L', 'PURWOKERTO', 5, 1, 8, 'WNI', '6285640796032', 0, 0),
(48, 330121212168, 'RACHLES KUSUMODITYO', 'PURWOKERTO', '1982-07-19', 'P', 'PURWOKERTO', 5, 3, 5, 'WNI', '6285640796033', 0, 0),
(49, 330121212169, 'MEILIA ANGGRAENI', 'PURWOKERTO', '1982-07-20', 'L', 'PURWOKERTO', 4, 3, 3, 'WNI', '6285640796034', 0, 1),
(50, 330121212170, 'VADYA LARAS Ayuningtyas', 'PURWOKERTO', '1982-07-21', 'P', 'PURWOKERTO', 2, 3, 2, 'WNI', '6285640796035', 0, 1),
(51, 330121212171, 'BHADRAPADA SONY GUNARSO', 'PURWOKERTO', '1982-07-22', 'L', 'PURWOKERTO', 3, 3, 7, 'WNI', '6285640796036', 0, 1),
(52, 330121212172, 'ARFIAN TRIPUTRA ANUGRAWINATA', 'PURWOKERTO', '1982-07-23', 'P', 'PURWOKERTO', 3, 2, 2, 'WNI', '6285640796037', 0, 0),
(53, 330121212173, 'ANUNG DWITYA NANDANA', 'PURWOKERTO', '1982-07-24', 'L', 'PURWOKERTO', 1, 2, 9, 'WNI', '6285640796038', 0, 1),
(54, 330121212174, 'NURUL UTAMININGSIH', 'PURWOKERTO', '1982-07-25', 'P', 'PURWOKERTO', 1, 1, 6, 'WNI', '6285640796039', 0, 0),
(55, 330121212175, 'RIVIE IKASARI JUTERCHAN', 'PURWOKERTO', '1982-07-26', 'L', 'PURWOKERTO', 4, 4, 2, 'WNI', '6285640796040', 0, 0),
(56, 330121212176, 'MOHAMAD WIDJATNARDI PRIANTO', 'PURWOKERTO', '1982-07-27', 'P', 'PURWOKERTO', 2, 3, 3, 'WNI', '6285640796041', 0, 1),
(57, 330121212177, 'FAJAR GUMILANG', 'PURWOKERTO', '1982-07-28', 'L', 'PURWOKERTO', 5, 4, 7, 'WNI', '6285640796042', 0, 0),
(58, 330121212178, 'WIDYAWATI', 'PURWOKERTO', '1982-07-29', 'P', 'PURWOKERTO', 3, 4, 9, 'WNI', '6285640796043', 0, 1),
(59, 330121212179, 'HAFNI LULU ABIYATI', 'PURWOKERTO', '1982-07-30', 'L', 'PURWOKERTO', 2, 3, 4, 'WNI', '6285640796044', 0, 0),
(60, 330121212180, 'ARYO DEWANTO', 'PURWOKERTO', '1982-07-31', 'P', 'PURWOKERTO', 3, 4, 2, 'WNI', '6285640796045', 0, 1),
(61, 330121212181, 'IRYANTHY RISMAWATI', 'PURWOKERTO', '1982-08-01', 'L', 'PURWOKERTO', 2, 3, 5, 'WNI', '6285640796046', 0, 0),
(62, 330121212182, 'ANGGUN PRAMESTHA WARDHANI', 'PURWOKERTO', '1982-08-02', 'P', 'PURWOKERTO', 3, 1, 5, 'WNI', '6285640796047', 0, 1),
(63, 330121212183, 'NOPITA SARI', 'PURWOKERTO', '1982-08-03', 'L', 'PURWOKERTO', 1, 1, 5, 'WNI', '6285640796048', 0, 1),
(64, 330121212184, 'RISA RARA RAMURI CONNY IRMA PUTRI', 'PURWOKERTO', '1982-08-04', 'P', 'PURWOKERTO', 5, 2, 5, 'WNI', '6285640796049', 0, 1),
(65, 330121212185, 'BIMO SEPTIANTORO', 'PURWOKERTO', '1982-08-05', 'L', 'PURWOKERTO', 2, 3, 3, 'WNI', '6285640796050', 0, 0),
(66, 330121212186, 'WILLY FAIZ HEIKAL', 'PURWOKERTO', '1982-08-06', 'P', 'PURWOKERTO', 4, 1, 1, 'WNI', '6285640796051', 0, 1),
(67, 330121212187, 'DINA AMELLIA', 'PURWOKERTO', '1982-08-07', 'L', 'PURWOKERTO', 3, 3, 6, 'WNI', '6285640796052', 0, 1),
(68, 330121212188, 'EMILIA USMAN', 'PURWOKERTO', '1982-08-08', 'P', 'PURWOKERTO', 5, 1, 8, 'WNI', '6285640796053', 0, 0),
(69, 330121212189, 'HASBYALLAH CHAIRUDDIN', 'PURWOKERTO', '1982-08-09', 'L', 'PURWOKERTO', 4, 1, 9, 'WNI', '6285640796054', 0, 1),
(70, 330121212190, 'ABDUL AZIZ BIN ALI MUHAMMAD BASYARAHIL', 'PURWOKERTO', '1982-08-10', 'P', 'PURWOKERTO', 4, 1, 2, 'WNI', '6285640796055', 0, 0),
(71, 330121212191, 'FIRDAUS DWI ANUGRAH', 'PURWOKERTO', '1982-08-11', 'L', 'PURWOKERTO', 3, 2, 7, 'WNI', '6285640796056', 0, 1),
(72, 330121212192, 'ACHMAD TRI FEBRIYANTO', 'PURWOKERTO', '1982-08-12', 'P', 'PURWOKERTO', 4, 4, 4, 'WNI', '6285640796057', 0, 1),
(73, 330121212193, 'SINTIA MELATI PUTERI', 'PURWOKERTO', '1982-08-13', 'L', 'PURWOKERTO', 2, 2, 5, 'WNI', '6285640796058', 0, 0),
(74, 330121212194, 'ARNOLD HUTABARAT', 'PURWOKERTO', '1982-08-14', 'P', 'PURWOKERTO', 2, 3, 8, 'WNI', '6285640796059', 0, 1),
(75, 330121212195, 'ASTILA FIKASARI MANAO', 'PURWOKERTO', '1982-08-15', 'L', 'PURWOKERTO', 5, 2, 7, 'WNI', '6285640796060', 0, 0),
(76, 330121212196, 'KIKI NOVIYANTI', 'PURWOKERTO', '1982-08-16', 'P', 'PURWOKERTO', 2, 2, 9, 'WNI', '6285640796061', 0, 1),
(77, 330121212197, 'EKA KURNIAWAN HIDAYATULLAH', 'PURWOKERTO', '1982-08-17', 'L', 'PURWOKERTO', 1, 3, 2, 'WNI', '6285640796062', 0, 0),
(78, 330121212198, 'DANNIS RESTIANTO', 'PURWOKERTO', '1982-08-18', 'P', 'PURWOKERTO', 5, 2, 9, 'WNI', '6285640796063', 0, 0),
(79, 330121212199, 'NYOMAN TAMI KOMALA PUTRI', 'PURWOKERTO', '1982-08-19', 'L', 'PURWOKERTO', 3, 2, 3, 'WNI', '6285640796064', 0, 1),
(80, 330121212200, 'HERU SURYAMAN', 'PURWOKERTO', '1982-08-20', 'P', 'PURWOKERTO', 2, 3, 8, 'WNI', '6285640796065', 0, 1),
(81, 330121212201, 'LOURA YUHAFIZUN', 'PURWOKERTO', '1982-08-21', 'L', 'PURWOKERTO', 5, 1, 9, 'WNI', '6285640796066', 0, 0),
(82, 330121212202, 'HANNURA AYU SURYANINGRUM', 'PURWOKERTO', '1982-08-22', 'P', 'PURWOKERTO', 5, 2, 1, 'WNI', '6285640796067', 0, 1),
(83, 330121212203, 'WINDA WIDYASTUTY', 'PURWOKERTO', '1982-08-23', 'L', 'PURWOKERTO', 4, 2, 7, 'WNI', '6285640796068', 0, 0),
(84, 330121212204, 'NADYA OKTIVIANITA', 'PURWOKERTO', '1982-08-24', 'P', 'PURWOKERTO', 3, 4, 6, 'WNI', '6285640796069', 0, 1),
(85, 330121212205, 'T.M. ILCHAMSYAH. S.K.Bay', 'PURWOKERTO', '1982-08-25', 'L', 'PURWOKERTO', 2, 3, 7, 'WNI', '6285640796070', 0, 0),
(86, 330121212206, 'HERINDANI', 'PURWOKERTO', '1982-08-26', 'P', 'PURWOKERTO', 4, 3, 1, 'WNI', '6285640796071', 0, 1),
(87, 330121212207, 'SYARIFUDIN', 'PURWOKERTO', '1982-08-27', 'L', 'PURWOKERTO', 2, 3, 4, 'WNI', '6285640796072', 0, 0),
(88, 330121212208, 'HANNY INDAH PERTIWI', 'PURWOKERTO', '1982-08-28', 'P', 'PURWOKERTO', 3, 3, 1, 'WNI', '6285640796073', 0, 0),
(89, 330121212209, 'SYARIF KHAIRIL FAHMI', 'PURWOKERTO', '1982-08-29', 'L', 'PURWOKERTO', 3, 2, 4, 'WNI', '6285640796074', 0, 0),
(90, 330121212210, 'ZAID AMOS MULYA RAJA', 'PURWOKERTO', '1982-08-30', 'P', 'PURWOKERTO', 4, 2, 1, 'WNI', '6285640796075', 0, 0),
(91, 330121212211, 'ALFISYAHRIN RAMADHANI', 'PURWOKERTO', '1982-08-31', 'L', 'PURWOKERTO', 1, 2, 1, 'WNI', '6285640796076', 0, 1),
(92, 330121212212, 'ULFA  ZAKIYAH', 'PURWOKERTO', '1982-09-01', 'P', 'PURWOKERTO', 2, 1, 6, 'WNI', '6285640796077', 0, 0),
(93, 330121212213, 'GILANG RAMADHON', 'PURWOKERTO', '1982-09-02', 'L', 'PURWOKERTO', 1, 4, 6, 'WNI', '6285640796078', 0, 0),
(94, 330121212214, 'RISKY PRASTIA', 'PURWOKERTO', '1982-09-03', 'P', 'PURWOKERTO', 3, 1, 9, 'WNI', '6285640796079', 0, 1),
(95, 330121212215, 'HAPSARAJATI', 'PURWOKERTO', '1982-09-04', 'L', 'PURWOKERTO', 4, 2, 8, 'WNI', '6285640796080', 0, 1),
(96, 330121212216, 'A. YUSUF SHOLIHIN', 'PURWOKERTO', '1982-09-05', 'P', 'PURWOKERTO', 2, 3, 8, 'WNI', '6285640796081', 0, 0),
(97, 330121212217, 'SWIETANIA FLORA NINGRUM', 'PURWOKERTO', '1982-09-06', 'L', 'PURWOKERTO', 4, 1, 2, 'WNI', '6285640796082', 0, 0),
(98, 330121212218, 'ANDY SASTRA  MANGIHUT', 'PURWOKERTO', '1982-09-07', 'P', 'PURWOKERTO', 3, 3, 9, 'WNI', '6285640796083', 0, 1),
(99, 330121212219, 'TAUFIK AKBAR', 'PURWOKERTO', '1982-09-08', 'L', 'PURWOKERTO', 2, 3, 1, 'WNI', '6285640796084', 0, 1),
(100, 330121212220, 'FITRIYAH', 'PURWOKERTO', '1982-09-09', 'P', 'PURWOKERTO', 2, 1, 5, 'WNI', '6285640796085', 0, 1),
(101, 330121212221, 'EKO SUPRIYANTO', 'PURWOKERTO', '1982-09-10', 'L', 'PURWOKERTO', 3, 3, 5, 'WNI', '6285640796086', 0, 0),
(102, 330121212222, 'SUCI INDAHWATI', 'PURWOKERTO', '1982-09-11', 'P', 'PURWOKERTO', 1, 3, 8, 'WNI', '6285640796087', 0, 1),
(103, 330121212223, 'SARAH FEYRANI MIRANDA', 'PURWOKERTO', '1982-09-12', 'L', 'PURWOKERTO', 4, 2, 5, 'WNI', '6285640796088', 0, 1),
(104, 330121212224, 'LUCKY GUVI RANGGA', 'PURWOKERTO', '1982-09-13', 'P', 'PURWOKERTO', 3, 1, 8, 'WNI', '6285640796089', 0, 1),
(105, 330121212225, 'RANGGA FAUZI', 'PURWOKERTO', '1982-09-14', 'L', 'PURWOKERTO', 2, 4, 9, 'WNI', '6285640796090', 0, 0),
(106, 330121212226, 'ULLI ASTRIANA', 'PURWOKERTO', '1982-09-15', 'P', 'PURWOKERTO', 4, 2, 3, 'WNI', '6285640796091', 0, 1),
(107, 330121212227, 'RADEN ALI WICAKSONO', 'PURWOKERTO', '1982-09-16', 'L', 'PURWOKERTO', 1, 2, 9, 'WNI', '6285640796092', 0, 1),
(108, 330121212228, 'ADHITYA PRAYOGO WICAKSONO', 'PURWOKERTO', '1982-09-17', 'P', 'PURWOKERTO', 3, 4, 1, 'WNI', '6285640796093', 0, 0),
(109, 330121212229, 'MARYANA ASTUTI', 'PURWOKERTO', '1982-09-18', 'L', 'PURWOKERTO', 4, 1, 2, 'WNI', '6285640796094', 0, 0),
(110, 330121212230, 'ADIT SAPUTRA', 'PURWOKERTO', '1982-09-19', 'P', 'PURWOKERTO', 1, 4, 8, 'WNI', '6285640796095', 0, 1),
(111, 330121212231, 'ADRIAN ALVI RINALDI', 'PURWOKERTO', '1982-09-20', 'L', 'PURWOKERTO', 5, 4, 5, 'WNI', '6285640796096', 0, 0),
(112, 330121212232, 'ANDARU DWIJAYANTO', 'PURWOKERTO', '1982-09-21', 'P', 'PURWOKERTO', 4, 4, 5, 'WNI', '6285640796097', 0, 0),
(113, 330121212233, 'ANTON IRAWAN', 'PURWOKERTO', '1982-09-22', 'L', 'PURWOKERTO', 5, 2, 1, 'WNI', '6285640796098', 0, 1),
(114, 330121212234, 'ASRI ANDRIYANTI', 'PURWOKERTO', '1982-09-23', 'P', 'PURWOKERTO', 4, 2, 9, 'WNI', '6285640796099', 0, 1),
(115, 330121212235, 'DWITIYA CHININTA', 'PURWOKERTO', '1982-09-24', 'L', 'PURWOKERTO', 2, 2, 1, 'WNI', '6285640796100', 0, 1),
(116, 330121212236, 'CINDY AUGUSTIA RIZKIANGGI', 'PURWOKERTO', '1982-09-25', 'P', 'PURWOKERTO', 4, 3, 8, 'WNI', '6285640796101', 0, 1),
(117, 330121212237, 'DAHLIA CHRISTINA MANALU', 'PURWOKERTO', '1982-09-26', 'L', 'PURWOKERTO', 2, 2, 7, 'WNI', '6285640796102', 0, 1),
(118, 330121212238, 'DESSY SULISTIANINGSIH', 'PURWOKERTO', '1982-09-27', 'P', 'PURWOKERTO', 2, 2, 3, 'WNI', '6285640796103', 0, 0),
(119, 330121212239, 'DINDA TRIANA PUTRI', 'PURWOKERTO', '1982-09-28', 'L', 'PURWOKERTO', 2, 2, 3, 'WNI', '6285640796104', 0, 1),
(120, 330121212240, 'DWI MARIAM CAHYANINGTYAS', 'PURWOKERTO', '1982-09-29', 'P', 'PURWOKERTO', 1, 3, 9, 'WNI', '6285640796105', 0, 0),
(121, 330121212241, 'ERIK WIDYA SURYANEGARA', 'PURWOKERTO', '1982-09-30', 'L', 'PURWOKERTO', 2, 2, 6, 'WNI', '6285640796106', 0, 1),
(122, 330121212242, 'BOBBY ARYANTO', 'PURWOKERTO', '1982-10-01', 'P', 'PURWOKERTO', 4, 1, 1, 'WNI', '6285640796107', 0, 1),
(123, 330121212243, 'FARISKY MAJID', 'PURWOKERTO', '1982-10-02', 'L', 'PURWOKERTO', 1, 4, 2, 'WNI', '6285640796108', 0, 1),
(124, 330121212244, 'FENNY NOVINA ROUMAULI RUTH', 'PURWOKERTO', '1982-10-03', 'P', 'PURWOKERTO', 2, 1, 1, 'WNI', '6285640796109', 0, 1),
(125, 330121212245, 'FARHAN SYAH', 'PURWOKERTO', '1982-10-04', 'L', 'PURWOKERTO', 3, 2, 8, 'WNI', '6285640796110', 0, 1),
(126, 330121212246, 'FITRI WULANSARI', 'PURWOKERTO', '1982-10-05', 'P', 'PURWOKERTO', 3, 2, 9, 'WNI', '6285640796111', 0, 0),
(127, 330121212247, 'FREDRIK RENANDO KAPOH', 'PURWOKERTO', '1982-10-06', 'L', 'PURWOKERTO', 2, 2, 6, 'WNI', '6285640796112', 0, 0),
(128, 330121212248, 'GALUH BANTHANI PRASATYA', 'PURWOKERTO', '1982-10-07', 'P', 'PURWOKERTO', 3, 4, 1, 'WNI', '6285640796113', 0, 1),
(129, 330121212249, 'HADI WIJAKSONO', 'PURWOKERTO', '1982-10-08', 'L', 'PURWOKERTO', 3, 1, 9, 'WNI', '6285640796114', 0, 1),
(130, 330121212250, 'HARZA SETYA ANANDA ', 'PURWOKERTO', '1982-10-09', 'P', 'PURWOKERTO', 3, 3, 8, 'WNI', '6285640796115', 0, 1),
(131, 330121212251, 'HENDY ARNOLD WAILAN MASSIE', 'PURWOKERTO', '1982-10-10', 'L', 'PURWOKERTO', 4, 3, 4, 'WNI', '6285640796116', 0, 1),
(132, 330121212252, 'HESTI MARSIAFELLY', 'PURWOKERTO', '1982-10-11', 'P', 'PURWOKERTO', 2, 2, 7, 'WNI', '6285640796117', 0, 0),
(133, 330121212253, 'IRDAYANI WARDATUL JANNAH', 'PURWOKERTO', '1982-10-12', 'L', 'PURWOKERTO', 1, 1, 7, 'WNI', '6285640796118', 0, 0),
(134, 330121212254, 'JEANETTE FITRIANA DEBORA', 'PURWOKERTO', '1982-10-13', 'P', 'PURWOKERTO', 3, 3, 4, 'WNI', '6285640796119', 0, 1),
(135, 330121212255, 'JERRY SATRIA WIBOWO', 'PURWOKERTO', '1982-10-14', 'L', 'PURWOKERTO', 1, 3, 5, 'WNI', '6285640796120', 0, 1),
(136, 330121212256, 'KURNIA RAHMAN YASRIL', 'PURWOKERTO', '1982-10-15', 'P', 'PURWOKERTO', 2, 3, 9, 'WNI', '6285640796121', 0, 1),
(137, 330121212257, 'KURNIATI', 'PURWOKERTO', '1982-10-16', 'L', 'PURWOKERTO', 2, 3, 8, 'WNI', '6285640796122', 0, 1),
(138, 330121212258, 'LA PHILA VERITA IMRON', 'PURWOKERTO', '1982-10-17', 'P', 'PURWOKERTO', 2, 2, 7, 'WNI', '6285640796123', 0, 0),
(139, 330121212259, 'LISTYO NOVRIZKY ADIPUTRA', 'PURWOKERTO', '1982-10-18', 'L', 'PURWOKERTO', 3, 4, 3, 'WNI', '6285640796124', 0, 0),
(140, 330121212260, 'MARIA VITRI AGUSTIN', 'PURWOKERTO', '1982-10-19', 'P', 'PURWOKERTO', 4, 1, 2, 'WNI', '6285640796125', 0, 1),
(141, 330121212261, 'MERLYANA WIDIASTUTI', 'PURWOKERTO', '1982-10-20', 'L', 'PURWOKERTO', 2, 3, 6, 'WNI', '6285640796126', 0, 1),
(142, 330121212262, 'MUHAMAD FURQON', 'PURWOKERTO', '1982-10-21', 'P', 'PURWOKERTO', 5, 4, 3, 'WNI', '6285640796127', 0, 1),
(143, 330121212263, 'NAMIRA DWI PRADIPTA AYUNINGRUM', 'PURWOKERTO', '1982-10-22', 'L', 'PURWOKERTO', 2, 4, 8, 'WNI', '6285640796128', 0, 0),
(144, 330121212264, 'NUR RIA APRIYANTI', 'PURWOKERTO', '1982-10-23', 'P', 'PURWOKERTO', 3, 4, 2, 'WNI', '6285640796129', 0, 0),
(145, 330121212265, 'PARAMITA INDRASWARI', 'PURWOKERTO', '1982-10-24', 'L', 'PURWOKERTO', 4, 2, 9, 'WNI', '6285640796130', 0, 0),
(146, 330121212266, 'PRASETYA PUTRA PERDANA TANGAHU', 'PURWOKERTO', '1982-10-25', 'P', 'PURWOKERTO', 5, 1, 5, 'WNI', '6285640796131', 0, 1),
(147, 330121212267, 'Raden Roro Enggelina Ayuningtyas', 'PURWOKERTO', '1982-10-26', 'L', 'PURWOKERTO', 5, 2, 7, 'WNI', '6285640796132', 0, 1),
(148, 330121212268, 'RATNA SUSANTI', 'PURWOKERTO', '1982-10-27', 'P', 'PURWOKERTO', 1, 4, 9, 'WNI', '6285640796133', 0, 1),
(149, 330121212269, 'RENDY', 'PURWOKERTO', '1982-10-28', 'L', 'PURWOKERTO', 4, 2, 7, 'WNI', '6285640796134', 0, 0),
(150, 330121212270, 'ARINDA AYU GIOVANNY', 'PURWOKERTO', '1982-10-29', 'P', 'PURWOKERTO', 4, 3, 7, 'WNI', '6285640796135', 0, 0),
(151, 330121212271, 'RINA WIDIASARI SOETOYO', 'PURWOKERTO', '1982-10-30', 'L', 'PURWOKERTO', 4, 3, 6, 'WNI', '6285640796136', 0, 0),
(152, 330121212272, 'SANNY IQBAL HAKIM', 'PURWOKERTO', '1982-10-31', 'P', 'PURWOKERTO', 1, 3, 2, 'WNI', '6285640796137', 0, 0),
(153, 330121212273, 'SATRIA DJAYADISASTRA', 'PURWOKERTO', '1982-11-01', 'L', 'PURWOKERTO', 2, 4, 5, 'WNI', '6285640796138', 0, 0),
(154, 330121212274, 'SHEKH AHMAD', 'PURWOKERTO', '1982-11-02', 'P', 'PURWOKERTO', 5, 4, 4, 'WNI', '6285640796139', 0, 1),
(155, 330121212275, 'SHINTABELLE RESTIYANITA MULYONO', 'PURWOKERTO', '1982-11-03', 'L', 'PURWOKERTO', 1, 4, 1, 'WNI', '6285640796140', 0, 1),
(156, 330121212276, 'YUSUP YUDISTIRA SUHENDRA', 'PURWOKERTO', '1982-11-04', 'P', 'PURWOKERTO', 2, 1, 6, 'WNI', '6285640796141', 0, 0),
(157, 330121212277, 'BUNG IRHAMSYAH AKBAR', 'PURWOKERTO', '1982-11-05', 'L', 'PURWOKERTO', 5, 3, 4, 'WNI', '6285640796142', 0, 0),
(158, 330121212278, 'RIANDI SUBHAN', 'PURWOKERTO', '1982-11-06', 'P', 'PURWOKERTO', 1, 3, 8, 'WNI', '6285640796143', 0, 1),
(159, 330121212279, 'RADEN DENNI RIZQIADISURYA', 'PURWOKERTO', '1982-11-07', 'L', 'PURWOKERTO', 3, 2, 1, 'WNI', '6285640796144', 0, 1),
(160, 330121212280, 'WIDYASTRINI  KUSUMASTUTI', 'PURWOKERTO', '1982-11-08', 'P', 'PURWOKERTO', 1, 3, 2, 'WNI', '6285640796145', 0, 1),
(161, 330121212281, 'ERZA ROZALDY', 'PURWOKERTO', '1982-11-09', 'L', 'PURWOKERTO', 1, 2, 8, 'WNI', '6285640796146', 0, 1),
(162, 330121212282, 'EKASIWI RAMADHANI WOKAS', 'PURWOKERTO', '1982-11-10', 'P', 'PURWOKERTO', 5, 2, 9, 'WNI', '6285640796147', 0, 0),
(163, 330121212283, 'MOHAMMAD QURAISH FAUZIE ALJUFRIE', 'PURWOKERTO', '1982-11-11', 'L', 'PURWOKERTO', 4, 3, 8, 'WNI', '6285640796148', 0, 0),
(164, 330121212284, 'JUWITA URSILA', 'PURWOKERTO', '1982-11-12', 'P', 'PURWOKERTO', 1, 1, 4, 'WNI', '6285640796149', 0, 0),
(165, 330121212285, 'RASYID HADI ZAY', 'PURWOKERTO', '1982-11-13', 'L', 'PURWOKERTO', 5, 2, 9, 'WNI', '6285640796150', 0, 0),
(166, 330121212286, 'RIMA', 'PURWOKERTO', '1982-11-14', 'P', 'PURWOKERTO', 3, 3, 5, 'WNI', '6285640796151', 0, 1),
(167, 330121212287, 'MELLY TRIANA', 'PURWOKERTO', '1982-11-15', 'L', 'PURWOKERTO', 2, 1, 5, 'WNI', '6285640796152', 0, 1),
(168, 330121212288, 'ANITA SEPTIANI ', 'PURWOKERTO', '1982-11-16', 'P', 'PURWOKERTO', 4, 1, 3, 'WNI', '6285640796153', 0, 0),
(169, 330121212289, 'ANNISA MAYANG HEFANTI', 'PURWOKERTO', '1982-11-17', 'L', 'PURWOKERTO', 5, 1, 2, 'WNI', '6285640796154', 0, 0),
(170, 330121212290, 'ARIF NUR RACHMAN', 'PURWOKERTO', '1982-11-18', 'P', 'PURWOKERTO', 4, 2, 3, 'WNI', '6285640796155', 0, 0),
(171, 330121212291, 'ATIKA NOVIYANTI', 'PURWOKERTO', '1982-11-19', 'L', 'PURWOKERTO', 3, 3, 8, 'WNI', '6285640796156', 0, 1),
(172, 330121212292, 'AULIA PUTRI', 'PURWOKERTO', '1982-11-20', 'P', 'PURWOKERTO', 1, 2, 8, 'WNI', '6285640796157', 0, 0),
(173, 330121212293, 'BIMO SETIAJIE', 'PURWOKERTO', '1982-11-21', 'L', 'PURWOKERTO', 5, 1, 2, 'WNI', '6285640796158', 0, 0),
(174, 330121212294, 'DARA AYOMI DARENOH', 'PURWOKERTO', '1982-11-22', 'P', 'PURWOKERTO', 4, 4, 2, 'WNI', '6285640796159', 0, 0),
(175, 330121212295, 'DEDI PRASTIANTO', 'PURWOKERTO', '1982-11-23', 'L', 'PURWOKERTO', 3, 3, 1, 'WNI', '6285640796160', 0, 1),
(176, 330121212296, 'DEWI SEKAR WANGI', 'PURWOKERTO', '1982-11-24', 'P', 'PURWOKERTO', 4, 2, 7, 'WNI', '6285640796161', 0, 0),
(177, 330121212297, 'EVI INDAH CAHYANI', 'PURWOKERTO', '1982-11-25', 'L', 'PURWOKERTO', 2, 2, 4, 'WNI', '6285640796162', 0, 1),
(178, 330121212298, 'FAJRI NURVIANI FITRA HASTYATI', 'PURWOKERTO', '1982-11-26', 'P', 'PURWOKERTO', 1, 3, 7, 'WNI', '6285640796163', 0, 1),
(179, 330121212299, 'FAZLUR ADITYA RAHMAT', 'PURWOKERTO', '1982-11-27', 'L', 'PURWOKERTO', 4, 2, 7, 'WNI', '6285640796164', 0, 1),
(180, 330121212300, 'FEBRINA NURUL HUDA', 'PURWOKERTO', '1982-11-28', 'P', 'PURWOKERTO', 3, 2, 3, 'WNI', '6285640796165', 0, 1),
(181, 330121212301, 'TIKA MAYA PUSPITASARI', 'PURWOKERTO', '1982-11-29', 'L', 'PURWOKERTO', 5, 1, 7, 'WNI', '6285640796166', 0, 1),
(182, 330121212302, 'HELENA SEKOPA', 'PURWOKERTO', '1982-11-30', 'P', 'PURWOKERTO', 5, 2, 3, 'WNI', '6285640796167', 0, 1),
(183, 330121212303, 'IMAMI ABDI ABDA', 'PURWOKERTO', '1982-12-01', 'L', 'PURWOKERTO', 2, 2, 7, 'WNI', '6285640796168', 0, 1),
(184, 330121212304, 'MARCIA ASISHIA TRIQUARTY', 'PURWOKERTO', '1982-12-02', 'P', 'PURWOKERTO', 4, 4, 2, 'WNI', '6285640796169', 0, 0),
(185, 330121212305, 'SUGENG RIYANTO', 'PURWOKERTO', '1982-12-03', 'L', 'PURWOKERTO', 1, 4, 2, 'WNI', '6285640796170', 0, 1),
(186, 330121212306, 'MOHAMAD HARISARDI PARDILAH', 'PURWOKERTO', '1982-12-04', 'P', 'PURWOKERTO', 4, 2, 5, 'WNI', '6285640796171', 0, 1),
(187, 330121212307, 'NUR ANISAH', 'PURWOKERTO', '1982-12-05', 'L', 'PURWOKERTO', 3, 4, 1, 'WNI', '6285640796172', 0, 1),
(188, 330121212308, 'NADIA FARHANAH', 'PURWOKERTO', '1982-12-06', 'P', 'PURWOKERTO', 4, 2, 9, 'WNI', '6285640796173', 0, 1),
(189, 330121212309, 'NADYA DISTIANA', 'PURWOKERTO', '1982-12-07', 'L', 'PURWOKERTO', 2, 2, 9, 'WNI', '6285640796174', 0, 1),
(190, 330121212310, 'NANDA SETYAWAN', 'PURWOKERTO', '1982-12-08', 'P', 'PURWOKERTO', 1, 2, 4, 'WNI', '6285640796175', 0, 1),
(191, 330121212311, 'NILA  ATSIRI PUTRI', 'PURWOKERTO', '1982-12-09', 'L', 'PURWOKERTO', 2, 2, 8, 'WNI', '6285640796176', 0, 1),
(192, 330121212312, 'NURIKA HANUM', 'PURWOKERTO', '1982-12-10', 'P', 'PURWOKERTO', 2, 4, 8, 'WNI', '6285640796177', 0, 1),
(193, 330121212313, 'NURUL APRILLA', 'PURWOKERTO', '1982-12-11', 'L', 'PURWOKERTO', 4, 3, 3, 'WNI', '6285640796178', 0, 0),
(194, 330121212314, 'PADHLI SETIA RAHMAN', 'PURWOKERTO', '1982-12-12', 'P', 'PURWOKERTO', 2, 2, 7, 'WNI', '6285640796179', 0, 1),
(195, 330121212315, 'PRASETYA ASHADI PUTRA', 'PURWOKERTO', '1982-12-13', 'L', 'PURWOKERTO', 2, 2, 2, 'WNI', '6285640796180', 0, 0),
(196, 330121212316, 'RANDY FITTER', 'PURWOKERTO', '1982-12-14', 'P', 'PURWOKERTO', 2, 1, 8, 'WNI', '6285640796181', 0, 0),
(197, 330121212317, 'RESTU HAYATI', 'PURWOKERTO', '1982-12-15', 'L', 'PURWOKERTO', 2, 1, 3, 'WNI', '6285640796182', 0, 1),
(198, 330121212318, 'RIMA OKTORIANI', 'PURWOKERTO', '1982-12-16', 'P', 'PURWOKERTO', 4, 3, 9, 'WNI', '6285640796183', 0, 1),
(199, 330121212319, 'RIZKIYA TAMPUTRI UTAMI', 'PURWOKERTO', '1982-12-17', 'L', 'PURWOKERTO', 4, 4, 7, 'WNI', '6285640796184', 0, 1),
(200, 330121212320, 'RYAN PRADECTA', 'PURWOKERTO', '1982-12-18', 'P', 'PURWOKERTO', 2, 3, 7, 'WNI', '6285640796185', 0, 1),
(201, 330121212321, 'SAUSAN CECARINA', 'PURWOKERTO', '1982-12-19', 'L', 'PURWOKERTO', 3, 2, 5, 'WNI', '6285640796186', 0, 1),
(202, 330121212322, 'SIERRA TITI PRATIWI', 'PURWOKERTO', '1982-12-20', 'P', 'PURWOKERTO', 3, 4, 7, 'WNI', '6285640796187', 0, 1),
(203, 330121212323, 'STANLEY', 'PURWOKERTO', '1982-12-21', 'L', 'PURWOKERTO', 4, 1, 8, 'WNI', '6285640796188', 0, 0),
(204, 330121212324, 'SULUH ASMAIS', 'PURWOKERTO', '1982-12-22', 'P', 'PURWOKERTO', 5, 2, 1, 'WNI', '6285640796189', 0, 1),
(205, 330121212325, 'SUPRIADI', 'PURWOKERTO', '1982-12-23', 'L', 'PURWOKERTO', 5, 2, 1, 'WNI', '6285640796190', 0, 1),
(206, 330121212326, 'SYARIF MAHDI', 'PURWOKERTO', '1982-12-24', 'P', 'PURWOKERTO', 2, 3, 8, 'WNI', '6285640796191', 0, 0),
(207, 330121212327, 'SYARIFAH FATHIMAH', 'PURWOKERTO', '1982-12-25', 'L', 'PURWOKERTO', 3, 4, 8, 'WNI', '6285640796192', 0, 0),
(208, 330121212328, 'TUNGKY AMU NIFALIO', 'PURWOKERTO', '1982-12-26', 'P', 'PURWOKERTO', 2, 2, 3, 'WNI', '6285640796193', 0, 0),
(209, 330121212329, 'UCI PURNAMA SARI', 'PURWOKERTO', '1982-12-27', 'L', 'PURWOKERTO', 3, 2, 7, 'WNI', '6285640796194', 0, 1),
(210, 330121212330, 'VIKA MANUHUTU', 'PURWOKERTO', '1982-12-28', 'P', 'PURWOKERTO', 1, 3, 7, 'WNI', '6285640796195', 0, 0),
(211, 330121212331, 'DEWI MUTIARA WILDANI', 'PURWOKERTO', '1982-12-29', 'L', 'PURWOKERTO', 1, 1, 5, 'WNI', '6285640796196', 0, 1),
(212, 330121212332, 'YANTO BUDI RAHARDJO', 'PURWOKERTO', '1982-12-30', 'P', 'PURWOKERTO', 3, 2, 7, 'WNI', '6285640796197', 0, 1),
(213, 330121212333, 'ZURYAWATI', 'PURWOKERTO', '1982-12-31', 'L', 'PURWOKERTO', 2, 1, 4, 'WNI', '6285640796198', 0, 0),
(214, 330121212334, 'SEPTIADI PUTRANTO', 'PURWOKERTO', '1983-01-01', 'P', 'PURWOKERTO', 3, 1, 1, 'WNI', '6285640796199', 0, 1),
(215, 330121212335, 'EKA KOERNIANINGSIH', 'PURWOKERTO', '1983-01-02', 'L', 'PURWOKERTO', 4, 4, 5, 'WNI', '6285640796200', 0, 1),
(216, 330121212336, 'DEWI YUNIARTI ASTUTY', 'PURWOKERTO', '1983-01-03', 'P', 'PURWOKERTO', 4, 1, 9, 'WNI', '6285640796201', 0, 1),
(217, 330121212337, 'BAGUS SULAEMAN', 'PURWOKERTO', '1983-01-04', 'L', 'PURWOKERTO', 5, 1, 4, 'WNI', '6285640796202', 0, 1),
(218, 330121212338, 'CYNTHIA AYU ANNISA', 'PURWOKERTO', '1983-01-05', 'P', 'PURWOKERTO', 2, 4, 7, 'WNI', '6285640796203', 0, 0),
(219, 330121212339, 'NURUL ANDRIANI', 'PURWOKERTO', '1983-01-06', 'L', 'PURWOKERTO', 5, 2, 6, 'WNI', '6285640796204', 0, 1),
(220, 330121212340, 'MUHAMMAD ALE DARMINGGU', 'PURWOKERTO', '1983-01-07', 'P', 'PURWOKERTO', 5, 3, 9, 'WNI', '6285640796205', 0, 0),
(221, 330121212341, 'RIADI FATRA', 'PURWOKERTO', '1983-01-08', 'L', 'PURWOKERTO', 4, 2, 8, 'WNI', '6285640796206', 0, 0),
(222, 330121212342, 'RYO RATANCA', 'PURWOKERTO', '1983-01-09', 'P', 'PURWOKERTO', 1, 1, 8, 'WNI', '6285640796207', 0, 1),
(223, 330121212343, 'ANWAR SADAT', 'PURWOKERTO', '1983-01-10', 'L', 'PURWOKERTO', 4, 1, 2, 'WNI', '6285640796208', 0, 1),
(224, 330121212344, 'BACHREIN FATHIHIN KALIWUGE', 'PURWOKERTO', '1983-01-11', 'P', 'PURWOKERTO', 5, 2, 5, 'WNI', '6285640796209', 0, 1),
(225, 330121212345, 'IFDAL IRFAN', 'PURWOKERTO', '1983-01-12', 'L', 'PURWOKERTO', 5, 2, 5, 'WNI', '6285640796210', 0, 1),
(226, 330121212346, 'LAILA SARI', 'PURWOKERTO', '1983-01-13', 'P', 'PURWOKERTO', 3, 1, 6, 'WNI', '6285640796211', 0, 1),
(227, 330121212347, 'INDRIA LARASSATI', 'PURWOKERTO', '1983-01-14', 'L', 'PURWOKERTO', 5, 4, 4, 'WNI', '6285640796212', 0, 0),
(228, 330121212348, 'VIKY BINAR ORIFIAN', 'PURWOKERTO', '1983-01-15', 'P', 'PURWOKERTO', 5, 3, 1, 'WNI', '6285640796213', 0, 0),
(229, 330121212349, 'ANDINI MURTI', 'PURWOKERTO', '1983-01-16', 'L', 'PURWOKERTO', 1, 4, 9, 'WNI', '6285640796214', 0, 1),
(230, 330121212350, 'IMAM FURQON', 'PURWOKERTO', '1983-01-17', 'P', 'PURWOKERTO', 2, 1, 8, 'WNI', '6285640796215', 0, 1),
(231, 330121212351, 'REZA FAHMI RIAWAN', 'PURWOKERTO', '1983-01-18', 'L', 'PURWOKERTO', 3, 1, 5, 'WNI', '6285640796216', 0, 0),
(232, 330121212352, 'AHMAD FAISYAL HERMAWAN', 'PURWOKERTO', '1983-01-19', 'P', 'PURWOKERTO', 4, 3, 6, 'WNI', '6285640796217', 0, 0),
(233, 330121212353, 'STEPHANUS DANANG SETIANTO', 'PURWOKERTO', '1983-01-20', 'L', 'PURWOKERTO', 5, 3, 6, 'WNI', '6285640796218', 0, 1),
(234, 330121212354, 'KIAGUS ACHMAD NUR FAZRIN', 'PURWOKERTO', '1983-01-21', 'P', 'PURWOKERTO', 1, 4, 1, 'WNI', '6285640796219', 0, 1),
(235, 330121212355, 'KARSUFINI ROSA DELIMA', 'PURWOKERTO', '1983-01-22', 'L', 'PURWOKERTO', 3, 2, 9, 'WNI', '6285640796220', 0, 0),
(236, 330121212356, 'WOWON ISWANDI', 'PURWOKERTO', '1983-01-23', 'P', 'PURWOKERTO', 2, 2, 1, 'WNI', '6285640796221', 0, 0),
(237, 330121212357, 'HANUM TRISNAWATI', 'PURWOKERTO', '1983-01-24', 'L', 'PURWOKERTO', 5, 2, 8, 'WNI', '6285640796222', 0, 1),
(238, 330121212358, 'NURMILA AINI', 'PURWOKERTO', '1983-01-25', 'P', 'PURWOKERTO', 2, 1, 4, 'WNI', '6285640796223', 0, 0),
(239, 330121212359, 'ADRINDIA RYANDISZA', 'PURWOKERTO', '1983-01-26', 'L', 'PURWOKERTO', 3, 2, 5, 'WNI', '6285640796224', 0, 1),
(240, 330121212360, 'AJENG SETYANINGSIH', 'PURWOKERTO', '1983-01-27', 'P', 'PURWOKERTO', 5, 4, 7, 'WNI', '6285640796225', 0, 0),
(241, 330121212361, 'AKBAR SALAM', 'PURWOKERTO', '1983-01-28', 'L', 'PURWOKERTO', 2, 1, 5, 'WNI', '6285640796226', 0, 0),
(242, 330121212362, 'ALFIA NIDYANTI', 'PURWOKERTO', '1983-01-29', 'P', 'PURWOKERTO', 4, 2, 5, 'WNI', '6285640796227', 0, 1),
(243, 330121212363, 'ALUFI ARIANTO WIBOWO', 'PURWOKERTO', '1983-01-30', 'L', 'PURWOKERTO', 2, 3, 3, 'WNI', '6285640796228', 0, 0),
(244, 330121212364, 'ANDRIE SEPTYA KEMALASARI', 'PURWOKERTO', '1983-01-31', 'P', 'PURWOKERTO', 5, 2, 9, 'WNI', '6285640796229', 0, 1),
(245, 330121212365, 'ANNISA INDAH SARIPUTRI', 'PURWOKERTO', '1983-02-01', 'L', 'PURWOKERTO', 2, 3, 2, 'WNI', '6285640796230', 0, 1),
(246, 330121212366, 'ARAS FAHMI PAMUJI', 'PURWOKERTO', '1983-02-02', 'P', 'PURWOKERTO', 2, 3, 1, 'WNI', '6285640796231', 0, 1),
(247, 330121212367, 'ARFINA JAYANTI', 'PURWOKERTO', '1983-02-03', 'L', 'PURWOKERTO', 1, 2, 7, 'WNI', '6285640796232', 0, 0),
(248, 330121212368, 'ARIAN PRABOWO BOEDIHARDJO', 'PURWOKERTO', '1983-02-04', 'P', 'PURWOKERTO', 2, 4, 9, 'WNI', '6285640796233', 0, 0),
(249, 330121212369, 'ARIE KURNIA DANUAJIS', 'PURWOKERTO', '1983-02-05', 'L', 'PURWOKERTO', 3, 3, 9, 'WNI', '6285640796234', 0, 0),
(250, 330121212370, 'ARNANDA ALAMSYAH', 'PURWOKERTO', '1983-02-06', 'P', 'PURWOKERTO', 1, 2, 4, 'WNI', '6285640796235', 0, 0),
(251, 330121212371, 'ASTRID KUSUMA DEWI', 'PURWOKERTO', '1983-02-07', 'L', 'PURWOKERTO', 4, 2, 5, 'WNI', '6285640796236', 0, 1),
(252, 330121212372, 'TRI NIKE DAMAYANTI', 'PURWOKERTO', '1983-02-08', 'P', 'PURWOKERTO', 5, 2, 3, 'WNI', '6285640796237', 0, 1),
(253, 330121212373, 'BAYU DWI PRASETYO', 'PURWOKERTO', '1983-02-09', 'L', 'PURWOKERTO', 1, 3, 4, 'WNI', '6285640796238', 0, 0),
(254, 330121212374, 'BESTKY SEPTONE', 'PURWOKERTO', '1983-02-10', 'P', 'PURWOKERTO', 5, 3, 2, 'WNI', '6285640796239', 0, 0),
(255, 330121212375, 'BRAMANTO APRIANDI', 'PURWOKERTO', '1983-02-11', 'L', 'PURWOKERTO', 2, 3, 3, 'WNI', '6285640796240', 0, 1),
(256, 330121212376, 'CHRISTIAN TAMBUNAN', 'PURWOKERTO', '1983-02-12', 'P', 'PURWOKERTO', 2, 4, 4, 'WNI', '6285640796241', 0, 1),
(257, 330121212377, 'DANANG HARI PRASETYO', 'PURWOKERTO', '1983-02-13', 'L', 'PURWOKERTO', 3, 3, 2, 'WNI', '6285640796242', 0, 1),
(258, 330121212378, 'DANU PRIA SAMBODO', 'PURWOKERTO', '1983-02-14', 'P', 'PURWOKERTO', 2, 1, 8, 'WNI', '6285640796243', 0, 1),
(259, 330121212379, 'DAYEN EFRANIO', 'PURWOKERTO', '1983-02-15', 'L', 'PURWOKERTO', 2, 1, 8, 'WNI', '6285640796244', 0, 0),
(260, 330121212380, 'DEA MAUDI FITRIA', 'PURWOKERTO', '1983-02-16', 'P', 'PURWOKERTO', 1, 3, 2, 'WNI', '6285640796245', 0, 0),
(261, 330121212381, 'DENIS TRI WIBOWO', 'PURWOKERTO', '1983-02-17', 'L', 'PURWOKERTO', 5, 2, 1, 'WNI', '6285640796246', 0, 0),
(262, 330121212382, 'DEVI HUSNIYAH', 'PURWOKERTO', '1983-02-18', 'P', 'PURWOKERTO', 4, 3, 5, 'WNI', '6285640796247', 0, 0),
(263, 330121212383, 'DHAKIR ARIYANTO', 'PURWOKERTO', '1983-02-19', 'L', 'PURWOKERTO', 3, 1, 7, 'WNI', '6285640796248', 0, 1),
(264, 330121212384, 'DHANI SETYOHADI', 'PURWOKERTO', '1983-02-20', 'P', 'PURWOKERTO', 4, 4, 7, 'WNI', '6285640796249', 0, 0),
(265, 330121212385, 'DHITA APRILIA', 'PURWOKERTO', '1983-02-21', 'L', 'PURWOKERTO', 2, 3, 4, 'WNI', '6285640796250', 0, 0),
(266, 330121212386, 'DWI RAHMAWATI', 'PURWOKERTO', '1983-02-22', 'P', 'PURWOKERTO', 3, 2, 2, 'WNI', '6285640796251', 0, 0),
(267, 330121212387, 'SATRIA BINTARA', 'PURWOKERTO', '1983-02-23', 'L', 'PURWOKERTO', 1, 4, 6, 'WNI', '6285640796252', 0, 1),
(268, 330121212388, 'EGITA STENNA', 'PURWOKERTO', '1983-02-24', 'P', 'PURWOKERTO', 1, 1, 9, 'WNI', '6285640796253', 0, 1),
(269, 330121212389, 'EKA JUNIAR EKSI PRATIWI', 'PURWOKERTO', '1983-02-25', 'L', 'PURWOKERTO', 3, 2, 6, 'WNI', '6285640796254', 0, 1),
(270, 330121212390, 'ELISABETH MOI BENYAMIN', 'PURWOKERTO', '1983-02-26', 'P', 'PURWOKERTO', 3, 1, 7, 'WNI', '6285640796255', 0, 1),
(271, 330121212391, 'ERIENDITA OKTAVIYANI', 'PURWOKERTO', '1983-02-27', 'L', 'PURWOKERTO', 5, 4, 8, 'WNI', '6285640796256', 0, 0),
(272, 330121212392, 'FIKRI SYAUQIE', 'PURWOKERTO', '1983-02-28', 'P', 'PURWOKERTO', 3, 3, 4, 'WNI', '6285640796257', 0, 1),
(273, 330121212393, 'FINKA AMALIA KOMALA', 'PURWOKERTO', '1983-03-01', 'L', 'PURWOKERTO', 5, 4, 5, 'WNI', '6285640796258', 0, 1),
(274, 330121212394, 'GALIH SABDO LAKSONO', 'PURWOKERTO', '1983-03-02', 'P', 'PURWOKERTO', 5, 2, 5, 'WNI', '6285640796259', 0, 0),
(275, 330121212395, 'GHAZZI GUFFRI', 'PURWOKERTO', '1983-03-03', 'L', 'PURWOKERTO', 1, 4, 3, 'WNI', '6285640796260', 0, 1),
(276, 330121212396, 'GISELA TRIA CANITHA', 'PURWOKERTO', '1983-03-04', 'P', 'PURWOKERTO', 1, 4, 5, 'WNI', '6285640796261', 0, 0),
(277, 330121212397, 'HABAIBAH', 'PURWOKERTO', '1983-03-05', 'L', 'PURWOKERTO', 3, 1, 2, 'WNI', '6285640796262', 0, 1),
(278, 330121212398, 'HAMZAH FANSURI', 'PURWOKERTO', '1983-03-06', 'P', 'PURWOKERTO', 4, 3, 4, 'WNI', '6285640796263', 0, 1),
(279, 330121212399, 'HANGGONO DWI LAKSONO', 'PURWOKERTO', '1983-03-07', 'L', 'PURWOKERTO', 4, 4, 1, 'WNI', '6285640796264', 0, 0),
(280, 330121212400, 'HELFI RESTIYASIH', 'PURWOKERTO', '1983-03-08', 'P', 'PURWOKERTO', 4, 3, 2, 'WNI', '6285640796265', 0, 0),
(281, 330121212401, 'HENDRI SUSILO', 'PURWOKERTO', '1983-03-09', 'L', 'PURWOKERTO', 4, 3, 6, 'WNI', '6285640796266', 0, 1),
(282, 330121212402, 'HETTY NUGRAH ANGGRAINI', 'PURWOKERTO', '1983-03-10', 'P', 'PURWOKERTO', 2, 1, 5, 'WNI', '6285640796267', 0, 0),
(283, 330121212403, 'HUSNUL UTAMI PUTRI', 'PURWOKERTO', '1983-03-11', 'L', 'PURWOKERTO', 4, 3, 6, 'WNI', '6285640796268', 0, 0),
(284, 330121212404, 'I GUSTI BAGUS WIDYA PUTRA', 'PURWOKERTO', '1983-03-12', 'P', 'PURWOKERTO', 3, 3, 4, 'WNI', '6285640796269', 0, 1),
(285, 330121212405, 'ILHAM DWI WIBISONO', 'PURWOKERTO', '1983-03-13', 'L', 'PURWOKERTO', 5, 3, 6, 'WNI', '6285640796270', 0, 0),
(286, 330121212406, 'ILHAM SUHADA', 'PURWOKERTO', '1983-03-14', 'P', 'PURWOKERTO', 5, 2, 5, 'WNI', '6285640796271', 0, 1),
(287, 330121212407, 'IWAN HAMID', 'PURWOKERTO', '1983-03-15', 'L', 'PURWOKERTO', 5, 1, 5, 'WNI', '6285640796272', 0, 1),
(288, 330121212408, 'JUWITA SARI', 'PURWOKERTO', '1983-03-16', 'P', 'PURWOKERTO', 5, 3, 2, 'WNI', '6285640796273', 0, 1),
(289, 330121212409, 'KANIA GANDINI', 'PURWOKERTO', '1983-03-17', 'L', 'PURWOKERTO', 1, 2, 2, 'WNI', '6285640796274', 0, 0),
(290, 330121212410, 'KARTIKA SARI', 'PURWOKERTO', '1983-03-18', 'P', 'PURWOKERTO', 1, 4, 2, 'WNI', '6285640796275', 0, 0),
(291, 330121212411, 'KEN KAUTSAR', 'PURWOKERTO', '1983-03-19', 'L', 'PURWOKERTO', 5, 1, 5, 'WNI', '6285640796276', 0, 0),
(292, 330121212412, 'LINGGA ADITYA', 'PURWOKERTO', '1983-03-20', 'P', 'PURWOKERTO', 1, 3, 9, 'WNI', '6285640796277', 0, 1),
(293, 330121212413, 'LISTIANA ANDINI', 'PURWOKERTO', '1983-03-21', 'L', 'PURWOKERTO', 2, 2, 1, 'WNI', '6285640796278', 0, 1),
(294, 330121212414, 'LUTFI  YUDISTIRA', 'PURWOKERTO', '1983-03-22', 'P', 'PURWOKERTO', 2, 2, 5, 'WNI', '6285640796279', 0, 0),
(295, 330121212415, 'MAURINTA DEVIANA', 'PURWOKERTO', '1983-03-23', 'L', 'PURWOKERTO', 2, 2, 7, 'WNI', '6285640796280', 0, 0),
(296, 330121212416, 'MEGA DAMAIYANTI', 'PURWOKERTO', '1983-03-24', 'P', 'PURWOKERTO', 4, 1, 2, 'WNI', '6285640796281', 0, 1),
(297, 330121212417, 'MEGA DWI ASTUTY', 'PURWOKERTO', '1983-03-25', 'L', 'PURWOKERTO', 4, 2, 9, 'WNI', '6285640796282', 0, 0),
(298, 330121212418, 'MELINDA UTAMI', 'PURWOKERTO', '1983-03-26', 'P', 'PURWOKERTO', 5, 1, 7, 'WNI', '6285640796283', 0, 1),
(299, 330121212419, 'MERDA NOVIA', 'PURWOKERTO', '1983-03-27', 'L', 'PURWOKERTO', 1, 1, 6, 'WNI', '6285640796284', 0, 0),
(300, 330121212420, 'MIA ERWANTY TRIANA DEWI', 'PURWOKERTO', '1983-03-28', 'P', 'PURWOKERTO', 1, 2, 1, 'WNI', '6285640796285', 0, 0),
(301, 330121212421, 'MILA PURNAMA', 'PURWOKERTO', '1983-03-29', 'L', 'PURWOKERTO', 5, 3, 4, 'WNI', '6285640796286', 0, 1),
(302, 330121212422, 'MOCHAMAD ANDRIANTO', 'PURWOKERTO', '1983-03-30', 'P', 'PURWOKERTO', 5, 4, 1, 'WNI', '6285640796287', 0, 0),
(303, 330121212423, 'MUHAMAD FARID RAHARDIYAN', 'PURWOKERTO', '1983-03-31', 'L', 'PURWOKERTO', 3, 2, 9, 'WNI', '6285640796288', 0, 0),
(304, 330121212424, 'MOHAMMAD IQBAL', 'PURWOKERTO', '1983-04-01', 'P', 'PURWOKERTO', 2, 4, 3, 'WNI', '6285640796289', 0, 0),
(305, 330121212425, 'MUHAMMAD AMRI', 'PURWOKERTO', '1983-04-02', 'L', 'PURWOKERTO', 4, 4, 2, 'WNI', '6285640796290', 0, 1),
(306, 330121212426, 'M. DEDEN PERDANA', 'PURWOKERTO', '1983-04-03', 'P', 'PURWOKERTO', 3, 2, 1, 'WNI', '6285640796291', 0, 1),
(307, 330121212427, 'MUHAMMAD RIDHO HAMID', 'PURWOKERTO', '1983-04-04', 'L', 'PURWOKERTO', 3, 3, 2, 'WNI', '6285640796292', 0, 1),
(308, 330121212428, 'NOER CAHYO BUDI PRASDITO', 'PURWOKERTO', '1983-04-05', 'P', 'PURWOKERTO', 2, 1, 7, 'WNI', '6285640796293', 0, 0),
(309, 330121212429, 'NOVITASARI', 'PURWOKERTO', '1983-04-06', 'L', 'PURWOKERTO', 4, 3, 7, 'WNI', '6285640796294', 0, 1),
(310, 330121212430, 'NYIMAS DWI INDAH RACHMAYANTI', 'PURWOKERTO', '1983-04-07', 'P', 'PURWOKERTO', 3, 4, 5, 'WNI', '6285640796295', 0, 0),
(311, 330121212431, 'PRANANDA CAHYA UTAMA', 'PURWOKERTO', '1983-04-08', 'L', 'PURWOKERTO', 5, 4, 7, 'WNI', '6285640796296', 0, 1),
(312, 330121212432, 'PRIYANDANI PUTRA MAWARDI', 'PURWOKERTO', '1983-04-09', 'P', 'PURWOKERTO', 3, 3, 2, 'WNI', '6285640796297', 0, 0),
(313, 330121212433, 'PUTRA OKKY HARLEYANO', 'PURWOKERTO', '1983-04-10', 'L', 'PURWOKERTO', 2, 2, 4, 'WNI', '6285640796298', 0, 1),
(314, 330121212434, 'PUTRI SARAH REZA', 'PURWOKERTO', '1983-04-11', 'P', 'PURWOKERTO', 3, 4, 7, 'WNI', '6285640796299', 0, 0),
(315, 330121212435, 'PUTRI SUSTARI', 'PURWOKERTO', '1983-04-12', 'L', 'PURWOKERTO', 1, 3, 6, 'WNI', '6285640796300', 0, 1),
(316, 330121212436, 'ZULIA', 'PURWOKERTO', '1983-04-13', 'P', 'PURWOKERTO', 5, 4, 5, 'WNI', '6285640796301', 0, 0),
(317, 330121212437, 'FAHMI LAKSANA BINTANG', 'PURWOKERTO', '1983-04-14', 'L', 'PURWOKERTO', 3, 4, 6, 'WNI', '6285640796302', 0, 0),
(318, 330121212438, 'RAGIL SUSILOWATI', 'PURWOKERTO', '1983-04-15', 'P', 'PURWOKERTO', 4, 2, 4, 'WNI', '6285640796303', 0, 0),
(319, 330121212439, 'RAKA CAHYA DINENDRA', 'PURWOKERTO', '1983-04-16', 'L', 'PURWOKERTO', 4, 1, 7, 'WNI', '6285640796304', 0, 0),
(320, 330121212440, 'RANI SOEGIHARTINI', 'PURWOKERTO', '1983-04-17', 'P', 'PURWOKERTO', 4, 1, 2, 'WNI', '6285640796305', 0, 0),
(321, 330121212441, 'REVINDA MELISA PUTRI', 'PURWOKERTO', '1983-04-18', 'L', 'PURWOKERTO', 5, 4, 1, 'WNI', '6285640796306', 0, 1),
(322, 330121212442, 'RIANE RIZKIANA HABINASTITY', 'PURWOKERTO', '1983-04-19', 'P', 'PURWOKERTO', 3, 3, 4, 'WNI', '6285640796307', 0, 1),
(323, 330121212443, 'RINA ROSLIANA', 'PURWOKERTO', '1983-04-20', 'L', 'PURWOKERTO', 4, 3, 5, 'WNI', '6285640796308', 0, 0),
(324, 330121212444, 'RIZKY FAJRI ZULHAN', 'PURWOKERTO', '1983-04-21', 'P', 'PURWOKERTO', 3, 3, 6, 'WNI', '6285640796309', 0, 0),
(325, 330121212445, 'ROBBIATUL AL ADAWIYAH', 'PURWOKERTO', '1983-04-22', 'L', 'PURWOKERTO', 1, 1, 5, 'WNI', '6285640796310', 0, 0),
(326, 330121212446, 'RYAN RAFLIANDRA', 'PURWOKERTO', '1983-04-23', 'P', 'PURWOKERTO', 3, 1, 8, 'WNI', '6285640796311', 0, 1),
(327, 330121212447, 'SARWINDAH DEWI MUMPUNI', 'PURWOKERTO', '1983-04-24', 'L', 'PURWOKERTO', 5, 2, 4, 'WNI', '6285640796312', 0, 1),
(328, 330121212448, 'SHINTA CITRA BHARATA', 'PURWOKERTO', '1983-04-25', 'P', 'PURWOKERTO', 4, 1, 1, 'WNI', '6285640796313', 0, 1),
(329, 330121212449, 'SITI HADIJAH TUANAYA', 'PURWOKERTO', '1983-04-26', 'L', 'PURWOKERTO', 2, 4, 9, 'WNI', '6285640796314', 0, 0),
(330, 330121212450, 'SITI HAIRUNNISAH KURNIA', 'PURWOKERTO', '1983-04-27', 'P', 'PURWOKERTO', 2, 1, 4, 'WNI', '6285640796315', 0, 0),
(331, 330121212451, 'SITI MUTIYAH', 'PURWOKERTO', '1983-04-28', 'L', 'PURWOKERTO', 5, 3, 3, 'WNI', '6285640796316', 0, 1),
(332, 330121212452, 'SONNY RAMA TANZIL', 'PURWOKERTO', '1983-04-29', 'P', 'PURWOKERTO', 2, 4, 7, 'WNI', '6285640796317', 0, 1),
(333, 330121212453, 'SRI NOPIKA RAHAYU', 'PURWOKERTO', '1983-04-30', 'L', 'PURWOKERTO', 5, 3, 1, 'WNI', '6285640796318', 0, 0),
(334, 330121212454, 'STEFY CAROLINE', 'PURWOKERTO', '1983-05-01', 'P', 'PURWOKERTO', 3, 2, 4, 'WNI', '6285640796319', 0, 0),
(335, 330121212455, 'VEBY PRATIWI', 'PURWOKERTO', '1983-05-02', 'L', 'PURWOKERTO', 4, 3, 7, 'WNI', '6285640796320', 0, 0),
(336, 330121212456, 'VICKY FERONIKA PRATIWI', 'PURWOKERTO', '1983-05-03', 'P', 'PURWOKERTO', 5, 1, 5, 'WNI', '6285640796321', 0, 1),
(337, 330121212457, 'VIDI WIDIANTIKA', 'PURWOKERTO', '1983-05-04', 'L', 'PURWOKERTO', 1, 2, 6, 'WNI', '6285640796322', 0, 1),
(338, 330121212458, 'YESINTA', 'PURWOKERTO', '1983-05-05', 'P', 'PURWOKERTO', 1, 4, 9, 'WNI', '6285640796323', 0, 0),
(339, 330121212459, 'YUGO RISNA ATMAJA', 'PURWOKERTO', '1983-05-06', 'L', 'PURWOKERTO', 1, 3, 6, 'WNI', '6285640796324', 0, 0),
(340, 330121212460, 'YUNIATI RAHMINI', 'PURWOKERTO', '1983-05-07', 'P', 'PURWOKERTO', 4, 2, 7, 'WNI', '6285640796325', 0, 0),
(341, 330121212461, 'YUSRIA DARMAWATI', 'PURWOKERTO', '1983-05-08', 'L', 'PURWOKERTO', 2, 3, 6, 'WNI', '6285640796326', 0, 1),
(342, 330121212462, 'RINALDY', 'PURWOKERTO', '1983-05-09', 'P', 'PURWOKERTO', 1, 2, 8, 'WNI', '6285640796327', 0, 0),
(343, 330121212463, 'ADIEN SURYA NUGRAHADI', 'PURWOKERTO', '1983-05-10', 'L', 'PURWOKERTO', 5, 4, 7, 'WNI', '6285640796328', 0, 1),
(344, 330121212464, 'ISNA RACHMA MUTHIA', 'PURWOKERTO', '1983-05-11', 'P', 'PURWOKERTO', 1, 3, 3, 'WNI', '6285640796329', 0, 0),
(345, 330121212465, 'LULUK CITA UTAMI', 'PURWOKERTO', '1983-05-12', 'L', 'PURWOKERTO', 1, 1, 5, 'WNI', '6285640796330', 0, 0),
(346, 330121212466, 'AHADIYAH NOVITA SARI', 'PURWOKERTO', '1983-05-13', 'P', 'PURWOKERTO', 4, 1, 6, 'WNI', '6285640796331', 0, 0),
(347, 330121212467, 'CHAIRUL UMAM', 'PURWOKERTO', '1983-05-14', 'L', 'PURWOKERTO', 3, 3, 9, 'WNI', '6285640796332', 0, 1),
(348, 330121212468, 'DENNY FAUZAN', 'PURWOKERTO', '1983-05-15', 'P', 'PURWOKERTO', 3, 3, 7, 'WNI', '6285640796333', 0, 1),
(349, 330121212469, 'IRA ARIYANTI', 'PURWOKERTO', '1983-05-16', 'L', 'PURWOKERTO', 2, 3, 9, 'WNI', '6285640796334', 0, 0),
(350, 330121212470, 'MUHAMMAD TEGUH IBRAHIM', 'PURWOKERTO', '1983-05-17', 'P', 'PURWOKERTO', 4, 1, 4, 'WNI', '6285640796335', 0, 0),
(351, 330121212471, 'ASRARI ZIKRAN ASNAWI', 'PURWOKERTO', '1983-05-18', 'L', 'PURWOKERTO', 2, 4, 4, 'WNI', '6285640796336', 0, 1),
(352, 330121212472, 'JELITA PUTRIANI', 'PURWOKERTO', '1983-05-19', 'P', 'PURWOKERTO', 4, 4, 9, 'WNI', '6285640796337', 0, 0),
(353, 330121212473, 'TRIANDA WIRANATA', 'PURWOKERTO', '1983-05-20', 'L', 'PURWOKERTO', 5, 1, 4, 'WNI', '6285640796338', 0, 0),
(354, 330121212474, 'KAMALIAH', 'PURWOKERTO', '1983-05-21', 'P', 'PURWOKERTO', 1, 2, 6, 'WNI', '6285640796339', 0, 1),
(355, 330121212475, 'AMANDA ARIESTA', 'PURWOKERTO', '1983-05-22', 'L', 'PURWOKERTO', 5, 1, 9, 'WNI', '6285640796340', 0, 1),
(356, 330121212476, 'FERLINA YUSTABILA IZZA', 'PURWOKERTO', '1983-05-23', 'P', 'PURWOKERTO', 2, 1, 6, 'WNI', '6285640796341', 0, 0),
(357, 330121212477, 'WAHYU IRAWAN', 'PURWOKERTO', '1983-05-24', 'L', 'PURWOKERTO', 4, 1, 9, 'WNI', '6285640796342', 0, 0),
(358, 330121212478, 'RATNA KEMALA SANDI', 'PURWOKERTO', '1983-05-25', 'P', 'PURWOKERTO', 3, 2, 5, 'WNI', '6285640796343', 0, 0),
(359, 330121212479, 'MUKYA TAMA PRADIPTA', 'PURWOKERTO', '1983-05-26', 'L', 'PURWOKERTO', 1, 2, 1, 'WNI', '6285640796344', 0, 0),
(360, 330121212480, 'ACHMAD SETIADI', 'PURWOKERTO', '1983-05-27', 'P', 'PURWOKERTO', 3, 2, 5, 'WNI', '6285640796345', 0, 1),
(361, 330121212481, 'ADE RIZKA WIDYA SUKMA', 'PURWOKERTO', '1983-05-28', 'L', 'PURWOKERTO', 3, 4, 5, 'WNI', '6285640796346', 0, 0),
(362, 330121212482, 'ADINDA PUTRI NURSAADAH', 'PURWOKERTO', '1983-05-29', 'P', 'PURWOKERTO', 4, 3, 2, 'WNI', '6285640796347', 0, 1),
(363, 330121212483, 'ADISTI', 'PURWOKERTO', '1983-05-30', 'L', 'PURWOKERTO', 5, 4, 4, 'WNI', '6285640796348', 0, 0),
(364, 330121212484, 'ADITYA BAGAS PRAKOSO', 'PURWOKERTO', '1983-05-31', 'P', 'PURWOKERTO', 4, 2, 7, 'WNI', '6285640796349', 0, 1),
(365, 330121212485, 'ADITYA PRATAMA', 'PURWOKERTO', '1983-06-01', 'L', 'PURWOKERTO', 2, 3, 5, 'WNI', '6285640796350', 0, 0),
(366, 330121212486, 'ADNAN RAHMAT', 'PURWOKERTO', '1983-06-02', 'P', 'PURWOKERTO', 2, 1, 9, 'WNI', '6285640796351', 0, 0),
(367, 330121212487, 'ADVENT SAMUEL ZANDROTO', 'PURWOKERTO', '1983-06-03', 'L', 'PURWOKERTO', 1, 1, 1, 'WNI', '6285640796352', 0, 0),
(368, 330121212488, 'AIRLANGGA YUDHA PRAWIRA', 'PURWOKERTO', '1983-06-04', 'P', 'PURWOKERTO', 3, 3, 1, 'WNI', '6285640796353', 0, 1),
(369, 330121212489, 'ALFIYANITASARI', 'PURWOKERTO', '1983-06-05', 'L', 'PURWOKERTO', 5, 4, 6, 'WNI', '6285640796354', 0, 1),
(370, 330121212490, 'ALMA ARIF', 'PURWOKERTO', '1983-06-06', 'P', 'PURWOKERTO', 4, 3, 5, 'WNI', '6285640796355', 0, 1),
(371, 330121212491, 'ANANDA FITRIA', 'PURWOKERTO', '1983-06-07', 'L', 'PURWOKERTO', 5, 4, 7, 'WNI', '6285640796356', 0, 1),
(372, 330121212492, 'ANDRA FITRAVIADI', 'PURWOKERTO', '1983-06-08', 'P', 'PURWOKERTO', 2, 2, 8, 'WNI', '6285640796357', 0, 1),
(373, 330121212493, 'ANIDA KESUMA PUTRI', 'PURWOKERTO', '1983-06-09', 'L', 'PURWOKERTO', 4, 3, 1, 'WNI', '6285640796358', 0, 0),
(374, 330121212494, 'ANNE DEWI SEPTRIANI', 'PURWOKERTO', '1983-06-10', 'P', 'PURWOKERTO', 2, 3, 1, 'WNI', '6285640796359', 0, 1),
(375, 330121212495, 'ARIF BUDIMAN', 'PURWOKERTO', '1983-06-11', 'L', 'PURWOKERTO', 2, 1, 3, 'WNI', '6285640796360', 0, 0),
(376, 330121212496, 'ARIS SETIANTO', 'PURWOKERTO', '1983-06-12', 'P', 'PURWOKERTO', 2, 1, 9, 'WNI', '6285640796361', 0, 0),
(377, 330121212497, 'ARUM WULAN SETIANI', 'PURWOKERTO', '1983-06-13', 'L', 'PURWOKERTO', 1, 4, 9, 'WNI', '6285640796362', 0, 0),
(378, 330121212498, 'ASEP MAULANA', 'PURWOKERTO', '1983-06-14', 'P', 'PURWOKERTO', 2, 2, 9, 'WNI', '6285640796363', 0, 1),
(379, 330121212499, 'ASTI PERMATA', 'PURWOKERTO', '1983-06-15', 'L', 'PURWOKERTO', 3, 4, 1, 'WNI', '6285640796364', 0, 1),
(380, 330121212500, 'AULIA AKBAR FARDANI', 'PURWOKERTO', '1983-06-16', 'P', 'PURWOKERTO', 3, 3, 9, 'WNI', '6285640796365', 0, 0),
(381, 330121212501, 'AZHARY PRAMONO', 'PURWOKERTO', '1983-06-17', 'L', 'PURWOKERTO', 2, 1, 7, 'WNI', '6285640796366', 0, 1),
(382, 330121212502, 'BAYU SETYO NUGROHO', 'PURWOKERTO', '1983-06-18', 'P', 'PURWOKERTO', 4, 3, 2, 'WNI', '6285640796367', 0, 1),
(383, 330121212503, 'BELINDA FITRIANTI', 'PURWOKERTO', '1983-06-19', 'L', 'PURWOKERTO', 5, 1, 5, 'WNI', '6285640796368', 0, 1),
(384, 330121212504, 'BENEDICTA CAROLINE', 'PURWOKERTO', '1983-06-20', 'P', 'PURWOKERTO', 2, 3, 8, 'WNI', '6285640796369', 0, 0),
(385, 330121212505, 'BHRE WIRADNYO', 'PURWOKERTO', '1983-06-21', 'L', 'PURWOKERTO', 5, 3, 6, 'WNI', '6285640796370', 0, 0),
(386, 330121212506, 'CHRISTINE PETRONELLIVIONI KEWA', 'PURWOKERTO', '1983-06-22', 'P', 'PURWOKERTO', 5, 3, 3, 'WNI', '6285640796371', 0, 0),
(387, 330121212507, 'DANIA FITRIYANI', 'PURWOKERTO', '1983-06-23', 'L', 'PURWOKERTO', 5, 3, 8, 'WNI', '6285640796372', 0, 1),
(388, 330121212508, 'DESTY RIYANTYA', 'PURWOKERTO', '1983-06-24', 'P', 'PURWOKERTO', 3, 4, 5, 'WNI', '6285640796373', 0, 1),
(389, 330121212509, 'DESYANA DWI NINGSIH', 'PURWOKERTO', '1983-06-25', 'L', 'PURWOKERTO', 5, 1, 2, 'WNI', '6285640796374', 0, 0),
(390, 330121212510, 'DIKKI ALWENDI HARAHAP', 'PURWOKERTO', '1983-06-26', 'P', 'PURWOKERTO', 2, 2, 1, 'WNI', '6285640796375', 0, 0),
(391, 330121212511, 'DIMAS AJI PERABOWO', 'PURWOKERTO', '1983-06-27', 'L', 'PURWOKERTO', 3, 4, 9, 'WNI', '6285640796376', 0, 1),
(392, 330121212512, 'DINAR RIN APRILLIANTI', 'PURWOKERTO', '1983-06-28', 'P', 'PURWOKERTO', 2, 4, 7, 'WNI', '6285640796377', 0, 1),
(393, 330121212513, 'DINIE ERLITA SARI', 'PURWOKERTO', '1983-06-29', 'L', 'PURWOKERTO', 1, 4, 7, 'WNI', '6285640796378', 0, 0),
(394, 330121212514, 'DITA CITRANINGTYAS', 'PURWOKERTO', '1983-06-30', 'P', 'PURWOKERTO', 4, 1, 8, 'WNI', '6285640796379', 0, 1),
(395, 330121212515, 'DODY ANDRIYANTO PRABOWO', 'PURWOKERTO', '1983-07-01', 'L', 'PURWOKERTO', 1, 1, 6, 'WNI', '6285640796380', 0, 0);
INSERT INTO `tb_pelanggan` (`id`, `ktp`, `nama`, `tpt_lahir`, `tgl_lahir`, `jk`, `alamat`, `kd_agama`, `kd_kawin`, `kd_pekerjaan`, `kewarganegaraan`, `nohp`, `jumlah_pinjam`, `status`) VALUES
(396, 330121212516, 'DWI ANSI AYUNINGTHIAS', 'PURWOKERTO', '1983-07-02', 'P', 'PURWOKERTO', 1, 4, 3, 'WNI', '6285640796381', 0, 0),
(397, 330121212517, 'DWI WIDIASTUTI', 'PURWOKERTO', '1983-07-03', 'L', 'PURWOKERTO', 5, 1, 4, 'WNI', '6285640796382', 0, 1),
(398, 330121212518, 'EDWIN ADI CAHYA', 'PURWOKERTO', '1983-07-04', 'P', 'PURWOKERTO', 5, 2, 4, 'WNI', '6285640796383', 0, 0),
(399, 330121212519, 'EKRAM DWI ARMIYA', 'PURWOKERTO', '1983-07-05', 'L', 'PURWOKERTO', 1, 2, 1, 'WNI', '6285640796384', 0, 0),
(400, 330121212520, 'ELISA HANDAYANI ZEGA', 'PURWOKERTO', '1983-07-06', 'P', 'PURWOKERTO', 1, 3, 2, 'WNI', '6285640796385', 0, 0),
(401, 330121212521, 'ERIKA DYAH KRISTANTI', 'PURWOKERTO', '1983-07-07', 'L', 'PURWOKERTO', 2, 3, 2, 'WNI', '6285640796386', 0, 0),
(402, 330121212522, 'FAIZAL NOOR SYABAN', 'PURWOKERTO', '1983-07-08', 'P', 'PURWOKERTO', 5, 4, 2, 'WNI', '6285640796387', 0, 0),
(403, 330121212523, 'FAJAR SETIAWAN', 'PURWOKERTO', '1983-07-09', 'L', 'PURWOKERTO', 3, 2, 9, 'WNI', '6285640796388', 0, 0),
(404, 330121212524, 'FARIS IMANUDIN', 'PURWOKERTO', '1983-07-10', 'P', 'PURWOKERTO', 3, 4, 6, 'WNI', '6285640796389', 0, 0),
(405, 330121212525, 'NADYA ERINE', 'PURWOKERTO', '1983-07-11', 'L', 'PURWOKERTO', 4, 1, 4, 'WNI', '6285640796390', 0, 1),
(406, 330121212526, 'FEBRIANTO', 'PURWOKERTO', '1983-07-12', 'P', 'PURWOKERTO', 3, 4, 8, 'WNI', '6285640796391', 0, 0),
(407, 330121212527, 'FERDIANTO HERMAWAN', 'PURWOKERTO', '1983-07-13', 'L', 'PURWOKERTO', 1, 3, 7, 'WNI', '6285640796392', 0, 0),
(408, 330121212528, 'FERGYANTO MAGE', 'PURWOKERTO', '1983-07-14', 'P', 'PURWOKERTO', 3, 3, 9, 'WNI', '6285640796393', 0, 0),
(409, 330121212529, 'FITRA MARGIATI', 'PURWOKERTO', '1983-07-15', 'L', 'PURWOKERTO', 1, 4, 1, 'WNI', '6285640796394', 0, 1),
(410, 330121212530, 'FITRIA AFRIYANTI', 'PURWOKERTO', '1983-07-16', 'P', 'PURWOKERTO', 5, 2, 5, 'WNI', '6285640796395', 0, 0),
(411, 330121212531, 'FREDDY PRASETYO', 'PURWOKERTO', '1983-07-17', 'L', 'PURWOKERTO', 4, 1, 2, 'WNI', '6285640796396', 0, 0),
(412, 330121212532, 'GADIS PUJIARKA', 'PURWOKERTO', '1983-07-18', 'P', 'PURWOKERTO', 4, 1, 9, 'WNI', '6285640796397', 0, 0),
(413, 330121212533, 'HANA PRATIWI', 'PURWOKERTO', '1983-07-19', 'L', 'PURWOKERTO', 5, 2, 4, 'WNI', '6285640796398', 0, 1),
(414, 330121212534, 'HEDI HADIATI', 'PURWOKERTO', '1983-07-20', 'P', 'PURWOKERTO', 5, 2, 2, 'WNI', '6285640796399', 0, 1),
(415, 330121212535, 'IKE NOVALIANI', 'PURWOKERTO', '1983-07-21', 'L', 'PURWOKERTO', 1, 2, 2, 'WNI', '6285640796400', 0, 1),
(416, 330121212536, 'IKHSANUL ASLAM', 'PURWOKERTO', '1983-07-22', 'P', 'PURWOKERTO', 5, 1, 5, 'WNI', '6285640796401', 0, 0),
(417, 330121212537, 'ILHAM PRIBADI', 'PURWOKERTO', '1983-07-23', 'L', 'PURWOKERTO', 1, 3, 4, 'WNI', '6285640796402', 0, 0),
(418, 330121212538, 'IMAM TRIWAHYUDI', 'PURWOKERTO', '1983-07-24', 'P', 'PURWOKERTO', 1, 4, 1, 'WNI', '6285640796403', 0, 0),
(419, 330121212539, 'ITA SHABRINA', 'PURWOKERTO', '1983-07-25', 'L', 'PURWOKERTO', 2, 1, 1, 'WNI', '6285640796404', 0, 0),
(420, 330121212540, 'JAKA FERIYANTO', 'PURWOKERTO', '1983-07-26', 'P', 'PURWOKERTO', 3, 2, 7, 'WNI', '6285640796405', 0, 0),
(421, 330121212541, 'JENI EVARIANA', 'PURWOKERTO', '1983-07-27', 'L', 'PURWOKERTO', 1, 1, 9, 'WNI', '6285640796406', 0, 0),
(422, 330121212542, 'JEPRI NUGROHO', 'PURWOKERTO', '1983-07-28', 'P', 'PURWOKERTO', 1, 3, 7, 'WNI', '6285640796407', 0, 0),
(423, 330121212543, 'KAREZA SAPUTRA', 'PURWOKERTO', '1983-07-29', 'L', 'PURWOKERTO', 1, 2, 1, 'WNI', '6285640796408', 0, 1),
(424, 330121212544, 'KARTIKA SARASWATI', 'PURWOKERTO', '1983-07-30', 'P', 'PURWOKERTO', 2, 3, 6, 'WNI', '6285640796409', 0, 1),
(425, 330121212545, 'KARTIKA SARI', 'PURWOKERTO', '1983-07-31', 'L', 'PURWOKERTO', 2, 3, 9, 'WNI', '6285640796410', 0, 0),
(426, 330121212546, 'NUR YANNY ELTIA', 'PURWOKERTO', '1983-08-01', 'P', 'PURWOKERTO', 3, 3, 4, 'WNI', '6285640796411', 0, 1),
(427, 330121212547, 'LAILATUSA ADAH', 'PURWOKERTO', '1983-08-02', 'L', 'PURWOKERTO', 1, 3, 4, 'WNI', '6285640796412', 0, 0),
(428, 330121212548, 'LESVIANA YUNITASARI', 'PURWOKERTO', '1983-08-03', 'P', 'PURWOKERTO', 2, 2, 2, 'WNI', '6285640796413', 0, 0),
(429, 330121212549, 'LINA BUDI ARTI', 'PURWOKERTO', '1983-08-04', 'L', 'PURWOKERTO', 5, 2, 3, 'WNI', '6285640796414', 0, 1),
(430, 330121212550, 'RISQI AMALIA', 'PURWOKERTO', '1983-08-05', 'P', 'PURWOKERTO', 1, 1, 4, 'WNI', '6285640796415', 0, 1),
(431, 330121212551, 'MAMOK PRATOMO', 'PURWOKERTO', '1983-08-06', 'L', 'PURWOKERTO', 4, 3, 5, 'WNI', '6285640796416', 0, 1),
(432, 330121212552, 'NURUL PATIMAH', 'PURWOKERTO', '1983-08-07', 'P', 'PURWOKERTO', 2, 1, 5, 'WNI', '6285640796417', 0, 1),
(433, 330121212553, 'MONIKA OKTARIANA', 'PURWOKERTO', '1983-08-08', 'L', 'PURWOKERTO', 4, 1, 2, 'WNI', '6285640796418', 0, 0),
(434, 330121212554, 'MUHAMMAD ANUGRAH', 'PURWOKERTO', '1983-08-09', 'P', 'PURWOKERTO', 3, 3, 3, 'WNI', '6285640796419', 0, 0),
(435, 330121212555, 'MUHAMMAD FAISHAL PRATAMA', 'PURWOKERTO', '1983-08-10', 'L', 'PURWOKERTO', 4, 3, 9, 'WNI', '6285640796420', 0, 1),
(436, 330121212556, 'NABILA ANWAR', 'PURWOKERTO', '1983-08-11', 'P', 'PURWOKERTO', 5, 4, 4, 'WNI', '6285640796421', 0, 0),
(437, 330121212557, 'NADYA RACHMA PUTRI', 'PURWOKERTO', '1983-08-12', 'L', 'PURWOKERTO', 3, 2, 5, 'WNI', '6285640796422', 0, 1),
(438, 330121212558, 'NANING YULIA', 'PURWOKERTO', '1983-08-13', 'P', 'PURWOKERTO', 3, 1, 7, 'WNI', '6285640796423', 0, 0),
(439, 330121212559, 'NIA DWI AGUSTINA', 'PURWOKERTO', '1983-08-14', 'L', 'PURWOKERTO', 5, 3, 7, 'WNI', '6285640796424', 0, 0),
(440, 330121212560, 'NOVIANI NURRINI RIAUSARI', 'PURWOKERTO', '1983-08-15', 'P', 'PURWOKERTO', 3, 4, 1, 'WNI', '6285640796425', 0, 1),
(441, 330121212561, 'NUR ISYA AGUSTINI', 'PURWOKERTO', '1983-08-16', 'L', 'PURWOKERTO', 3, 1, 6, 'WNI', '6285640796426', 0, 0),
(442, 330121212562, 'RATNA AMELIA', 'PURWOKERTO', '1983-08-17', 'P', 'PURWOKERTO', 2, 2, 9, 'WNI', '6285640796427', 0, 1),
(443, 330121212563, 'NURUL FAJRIYAH', 'PURWOKERTO', '1983-08-18', 'L', 'PURWOKERTO', 5, 3, 8, 'WNI', '6285640796428', 0, 1),
(444, 330121212564, 'NURUL FATHIYAH', 'PURWOKERTO', '1983-08-19', 'P', 'PURWOKERTO', 2, 2, 7, 'WNI', '6285640796429', 0, 1),
(445, 330121212565, 'RESTU WARNO PUTRA', 'PURWOKERTO', '1983-08-20', 'L', 'PURWOKERTO', 4, 2, 9, 'WNI', '6285640796430', 0, 1),
(446, 330121212566, 'OBED STEPHANUS WIRA SAPUTRA', 'PURWOKERTO', '1983-08-21', 'P', 'PURWOKERTO', 3, 4, 3, 'WNI', '6285640796431', 0, 1),
(447, 330121212567, 'OKI FRIDASARI', 'PURWOKERTO', '1983-08-22', 'L', 'PURWOKERTO', 1, 4, 4, 'WNI', '6285640796432', 0, 1),
(448, 330121212568, 'PUTRI APRILLIA', 'PURWOKERTO', '1983-08-23', 'P', 'PURWOKERTO', 3, 3, 6, 'WNI', '6285640796433', 0, 1),
(449, 330121212569, 'PUTRI NURBAITI', 'PURWOKERTO', '1983-08-24', 'L', 'PURWOKERTO', 1, 2, 7, 'WNI', '6285640796434', 0, 1),
(450, 330121212570, 'RAHMIA RIVALINA', 'PURWOKERTO', '1983-08-25', 'P', 'PURWOKERTO', 2, 4, 3, 'WNI', '6285640796435', 0, 1),
(451, 330121212571, 'RATNA FEBRI HAPSARI', 'PURWOKERTO', '1983-08-26', 'L', 'PURWOKERTO', 3, 2, 4, 'WNI', '6285640796436', 0, 0),
(452, 330121212572, 'REDITTA CYNTHIA LAVENIA', 'PURWOKERTO', '1983-08-27', 'P', 'PURWOKERTO', 2, 1, 6, 'WNI', '6285640796437', 0, 1),
(453, 330121212573, 'REIZA NOVITASARI PUTRI', 'PURWOKERTO', '1983-08-28', 'L', 'PURWOKERTO', 2, 2, 1, 'WNI', '6285640796438', 0, 0),
(454, 330121212574, 'RENDY RACHMADIARY DHARMA', 'PURWOKERTO', '1983-08-29', 'P', 'PURWOKERTO', 3, 4, 7, 'WNI', '6285640796439', 0, 1),
(455, 330121212575, 'RENI OKTRIANI', 'PURWOKERTO', '1983-08-30', 'L', 'PURWOKERTO', 5, 3, 7, 'WNI', '6285640796440', 0, 0),
(456, 330121212576, 'RESPATI NAWANGSARI', 'PURWOKERTO', '1983-08-31', 'P', 'PURWOKERTO', 3, 3, 7, 'WNI', '6285640796441', 0, 1),
(457, 330121212577, 'RETNO YULIANTI', 'PURWOKERTO', '1983-09-01', 'L', 'PURWOKERTO', 3, 3, 5, 'WNI', '6285640796442', 0, 1),
(458, 330121212578, 'REYANA ALIFYA RAKHMAWATI', 'PURWOKERTO', '1983-09-02', 'P', 'PURWOKERTO', 2, 1, 8, 'WNI', '6285640796443', 0, 0),
(459, 330121212579, 'REZA  PUTRA  ARDANI', 'PURWOKERTO', '1983-09-03', 'L', 'PURWOKERTO', 3, 2, 5, 'WNI', '6285640796444', 0, 1),
(460, 330121212580, 'REZKY RASVITA', 'PURWOKERTO', '1983-09-04', 'P', 'PURWOKERTO', 5, 2, 5, 'WNI', '6285640796445', 0, 0),
(461, 330121212581, 'RIA PUTRI KUSMIASIH', 'PURWOKERTO', '1983-09-05', 'L', 'PURWOKERTO', 3, 3, 5, 'WNI', '6285640796446', 0, 1),
(462, 330121212582, 'RINI MUTIA RIANI', 'PURWOKERTO', '1983-09-06', 'P', 'PURWOKERTO', 1, 2, 3, 'WNI', '6285640796447', 0, 1),
(463, 330121212583, 'RIYAN AMRIL', 'PURWOKERTO', '1983-09-07', 'L', 'PURWOKERTO', 3, 2, 6, 'WNI', '6285640796448', 0, 0),
(464, 330121212584, 'RIZKI NURULIARAHMA', 'PURWOKERTO', '1983-09-08', 'P', 'PURWOKERTO', 1, 4, 1, 'WNI', '6285640796449', 0, 1),
(465, 330121212585, 'RIZKI RAZAK', 'PURWOKERTO', '1983-09-09', 'L', 'PURWOKERTO', 3, 2, 1, 'WNI', '6285640796450', 0, 0),
(466, 330121212586, 'RIZKI RIADIANI', 'PURWOKERTO', '1983-09-10', 'P', 'PURWOKERTO', 2, 3, 6, 'WNI', '6285640796451', 0, 1),
(467, 330121212587, 'RIZWAN FAUZI', 'PURWOKERTO', '1983-09-11', 'L', 'PURWOKERTO', 2, 4, 7, 'WNI', '6285640796452', 0, 1),
(468, 330121212588, 'ROBBY DHARMAWAN', 'PURWOKERTO', '1983-09-12', 'P', 'PURWOKERTO', 5, 2, 5, 'WNI', '6285640796453', 0, 0),
(469, 330121212589, 'ROENIA PRIMADHANTI', 'PURWOKERTO', '1983-09-13', 'L', 'PURWOKERTO', 1, 1, 8, 'WNI', '6285640796454', 0, 0),
(470, 330121212590, 'RONALD CHRISTON', 'PURWOKERTO', '1983-09-14', 'P', 'PURWOKERTO', 1, 4, 2, 'WNI', '6285640796455', 0, 1),
(471, 330121212591, 'RUNI DWI PRATIWI', 'PURWOKERTO', '1983-09-15', 'L', 'PURWOKERTO', 2, 1, 3, 'WNI', '6285640796456', 0, 1),
(472, 330121212592, 'SARI NAFITRI PUTRI', 'PURWOKERTO', '1983-09-16', 'P', 'PURWOKERTO', 5, 1, 9, 'WNI', '6285640796457', 0, 1),
(473, 330121212593, 'SELVI OCTAVIA DWI PUTRI', 'PURWOKERTO', '1983-09-17', 'L', 'PURWOKERTO', 1, 3, 3, 'WNI', '6285640796458', 0, 1),
(474, 330121212594, 'SELVIRA ANGGAR KUSUMA', 'PURWOKERTO', '1983-09-18', 'P', 'PURWOKERTO', 2, 4, 9, 'WNI', '6285640796459', 0, 1),
(475, 330121212595, 'SHELLYNDA PUTRI MUTIA BUDISKA', 'PURWOKERTO', '1983-09-19', 'L', 'PURWOKERTO', 5, 2, 9, 'WNI', '6285640796460', 0, 1),
(476, 330121212596, 'SITI SARAH NUR JANNAH', 'PURWOKERTO', '1983-09-20', 'P', 'PURWOKERTO', 4, 2, 1, 'WNI', '6285640796461', 0, 0),
(477, 330121212597, 'SONNY ANDHIKA JAMIL', 'PURWOKERTO', '1983-09-21', 'L', 'PURWOKERTO', 1, 2, 3, 'WNI', '6285640796462', 0, 0),
(478, 330121212598, 'STEPHANIE TESALONIKA', 'PURWOKERTO', '1983-09-22', 'P', 'PURWOKERTO', 1, 3, 7, 'WNI', '6285640796463', 0, 1),
(479, 330121212599, 'SUCI RIANIE', 'PURWOKERTO', '1983-09-23', 'L', 'PURWOKERTO', 2, 3, 2, 'WNI', '6285640796464', 0, 1),
(480, 330121212600, 'SYAFNI SUKEISHA ', 'PURWOKERTO', '1983-09-24', 'P', 'PURWOKERTO', 3, 1, 4, 'WNI', '6285640796465', 0, 0),
(481, 330121212601, 'TEGUH TRI PAMBUDI', 'PURWOKERTO', '1983-09-25', 'L', 'PURWOKERTO', 4, 2, 2, 'WNI', '6285640796466', 0, 1),
(482, 330121212602, 'TIARA MARDHIKA', 'PURWOKERTO', '1983-09-26', 'P', 'PURWOKERTO', 3, 3, 7, 'WNI', '6285640796467', 0, 1),
(483, 330121212603, 'TRHESYA ELIZABETH', 'PURWOKERTO', '1983-09-27', 'L', 'PURWOKERTO', 5, 1, 1, 'WNI', '6285640796468', 0, 1),
(484, 330121212604, 'AYU SAKTI OCTAVIYANI', 'PURWOKERTO', '1983-09-28', 'P', 'PURWOKERTO', 1, 4, 2, 'WNI', '6285640796469', 0, 1),
(485, 330121212605, 'TRIA ANGGI APRIANI', 'PURWOKERTO', '1983-09-29', 'L', 'PURWOKERTO', 1, 2, 3, 'WNI', '6285640796470', 0, 0),
(486, 330121212606, 'SEPTIANA ANGGRAENI', 'PURWOKERTO', '1983-09-30', 'P', 'PURWOKERTO', 5, 3, 4, 'WNI', '6285640796471', 0, 0),
(487, 330121212607, 'VINNI AZHARI', 'PURWOKERTO', '1983-10-01', 'L', 'PURWOKERTO', 3, 3, 7, 'WNI', '6285640796472', 0, 0),
(488, 330121212608, 'WARIH AJI PRASETYO', 'PURWOKERTO', '1983-10-02', 'P', 'PURWOKERTO', 5, 3, 4, 'WNI', '6285640796473', 0, 1),
(489, 330121212609, 'WIWIK SUWANTI', 'PURWOKERTO', '1983-10-03', 'L', 'PURWOKERTO', 4, 2, 1, 'WNI', '6285640796474', 0, 0),
(490, 330121212610, 'WURI SEPTIARINI', 'PURWOKERTO', '1983-10-04', 'P', 'PURWOKERTO', 1, 3, 4, 'WNI', '6285640796475', 0, 0),
(491, 330121212611, 'YATI JAYANTI', 'PURWOKERTO', '1983-10-05', 'L', 'PURWOKERTO', 2, 1, 3, 'WNI', '6285640796476', 0, 0),
(492, 330121212612, 'YUDHY PRASETYO', 'PURWOKERTO', '1983-10-06', 'P', 'PURWOKERTO', 2, 2, 5, 'WNI', '6285640796477', 0, 1),
(493, 330121212613, 'YUNITA AMELIASARI', 'PURWOKERTO', '1983-10-07', 'L', 'PURWOKERTO', 1, 1, 9, 'WNI', '6285640796478', 0, 1),
(494, 330121212614, 'AGNES RISTIARA', 'PURWOKERTO', '1983-10-08', 'P', 'PURWOKERTO', 2, 1, 5, 'WNI', '6285640796479', 0, 1),
(495, 330121212615, 'ERIK MARINDRA', 'PURWOKERTO', '1983-10-09', 'L', 'PURWOKERTO', 5, 3, 9, 'WNI', '6285640796480', 0, 1),
(496, 330121212616, 'LISA ANGREINI SITEPU', 'PURWOKERTO', '1983-10-10', 'P', 'PURWOKERTO', 3, 1, 4, 'WNI', '6285640796481', 0, 1),
(497, 330121212617, 'PRADISA SHINTA', 'PURWOKERTO', '1983-10-11', 'L', 'PURWOKERTO', 3, 3, 9, 'WNI', '6285640796482', 0, 0),
(498, 330121212618, 'RONI SURANTA', 'PURWOKERTO', '1983-10-12', 'P', 'PURWOKERTO', 1, 2, 8, 'WNI', '6285640796483', 0, 0),
(499, 330121212619, 'MIKE YANUAR', 'PURWOKERTO', '1983-10-13', 'L', 'PURWOKERTO', 5, 1, 2, 'WNI', '6285640796484', 0, 0),
(500, 330121212620, 'AJENG NURHAJIZAH', 'PURWOKERTO', '1983-10-14', 'P', 'PURWOKERTO', 3, 3, 8, 'WNI', '6285640796485', 0, 0),
(501, 330121212621, 'ALIDER EKOSANTUS TUMANGGOR', 'PURWOKERTO', '1983-10-15', 'L', 'PURWOKERTO', 3, 4, 2, 'WNI', '6285640796486', 0, 1),
(502, 330121212622, 'DWI RETNO SAFITRI', 'PURWOKERTO', '1983-10-16', 'P', 'PURWOKERTO', 4, 3, 3, 'WNI', '6285640796487', 0, 0),
(503, 330121212623, 'JULIAN CARLO MANABA', 'PURWOKERTO', '1983-10-17', 'L', 'PURWOKERTO', 1, 2, 1, 'WNI', '6285640796488', 0, 0),
(504, 330121212624, 'RENI REFIKA', 'PURWOKERTO', '1983-10-18', 'P', 'PURWOKERTO', 2, 2, 3, 'WNI', '6285640796489', 0, 0),
(505, 330121212625, 'VIRNA ARYANITA', 'PURWOKERTO', '1983-10-19', 'L', 'PURWOKERTO', 4, 2, 4, 'WNI', '6285640796490', 0, 0),
(506, 330121212626, 'FLORENSIUS', 'PURWOKERTO', '1983-10-20', 'P', 'PURWOKERTO', 5, 4, 5, 'WNI', '6285640796491', 0, 0),
(507, 330121212627, 'ALDI FADILA', 'PURWOKERTO', '1983-10-21', 'L', 'PURWOKERTO', 3, 4, 8, 'WNI', '6285640796492', 0, 0),
(508, 330121212628, 'ANGGI PANGESTU', 'PURWOKERTO', '1983-10-22', 'P', 'PURWOKERTO', 4, 4, 9, 'WNI', '6285640796493', 0, 1),
(509, 330121212629, 'FINDA LESTARI', 'PURWOKERTO', '1983-10-23', 'L', 'PURWOKERTO', 5, 2, 3, 'WNI', '6285640796494', 0, 1),
(510, 330121212630, 'HAMZAH MUHAMMAD IHSAN', 'PURWOKERTO', '1983-10-24', 'P', 'PURWOKERTO', 3, 3, 2, 'WNI', '6285640796495', 0, 1),
(511, 330121212631, 'MUHAMMAD ROKIB', 'PURWOKERTO', '1983-10-25', 'L', 'PURWOKERTO', 3, 1, 9, 'WNI', '6285640796496', 0, 1),
(512, 330121212632, 'ARDY SETIADY', 'PURWOKERTO', '1983-10-26', 'P', 'PURWOKERTO', 1, 1, 6, 'WNI', '6285640796497', 0, 1),
(513, 330121212633, 'CYNTHIA SEPTI SALVIANA', 'PURWOKERTO', '1983-10-27', 'L', 'PURWOKERTO', 5, 3, 5, 'WNI', '6285640796498', 0, 0),
(514, 330121212634, 'KURNIA PUTRI WIDIPRATIWI', 'PURWOKERTO', '1983-10-28', 'P', 'PURWOKERTO', 2, 3, 7, 'WNI', '6285640796499', 0, 1),
(515, 330121212635, 'RIZKI FARIHAWATI', 'PURWOKERTO', '1983-10-29', 'L', 'PURWOKERTO', 5, 4, 5, 'WNI', '6285640796500', 0, 0),
(516, 330121212636, 'FEBIANTORI', 'PURWOKERTO', '1983-10-30', 'P', 'PURWOKERTO', 1, 1, 8, 'WNI', '6285640796501', 0, 1),
(517, 330121212637, 'INDRIATTY GRACE TAMBURAKA', 'PURWOKERTO', '1983-10-31', 'L', 'PURWOKERTO', 3, 3, 1, 'WNI', '6285640796502', 0, 1),
(518, 330121212638, 'LISSA SUKARNO', 'PURWOKERTO', '1983-11-01', 'P', 'PURWOKERTO', 2, 2, 7, 'WNI', '6285640796503', 0, 1),
(519, 330121212639, 'TONNY SETIADI', 'PURWOKERTO', '1983-11-02', 'L', 'PURWOKERTO', 4, 3, 3, 'WNI', '6285640796504', 0, 1),
(520, 330121212640, 'DODY MUHAR SETYAWAN', 'PURWOKERTO', '1983-11-03', 'P', 'PURWOKERTO', 1, 3, 4, 'WNI', '6285640796505', 0, 0),
(521, 330121212641, 'ENGGAR WATI HADI', 'PURWOKERTO', '1983-11-04', 'L', 'PURWOKERTO', 4, 1, 5, 'WNI', '6285640796506', 0, 0),
(522, 330121212642, 'DINI FATHMARDIAH', 'PURWOKERTO', '1983-11-05', 'P', 'PURWOKERTO', 3, 4, 2, 'WNI', '6285640796507', 0, 0),
(523, 330121212643, 'RATI PURWANINGSIH', 'PURWOKERTO', '1983-11-06', 'L', 'PURWOKERTO', 4, 2, 6, 'WNI', '6285640796508', 0, 0),
(524, 330121212644, 'AGASSI LABAHING WAHAB', 'PURWOKERTO', '1983-11-07', 'P', 'PURWOKERTO', 3, 4, 7, 'WNI', '6285640796509', 0, 0),
(525, 330121212645, 'AGIL', 'PURWOKERTO', '1983-11-08', 'L', 'PURWOKERTO', 4, 2, 1, 'WNI', '6285640796510', 0, 1),
(526, 330121212646, 'AMBAR SUHARDINI', 'PURWOKERTO', '1983-11-09', 'P', 'PURWOKERTO', 3, 4, 5, 'WNI', '6285640796511', 0, 0),
(527, 330121212647, 'ANGGORO ARIEF WICAKSONO', 'PURWOKERTO', '1983-11-10', 'L', 'PURWOKERTO', 2, 1, 6, 'WNI', '6285640796512', 0, 0),
(528, 330121212648, 'ANGGORO DIMAS K.', 'PURWOKERTO', '1983-11-11', 'P', 'PURWOKERTO', 5, 4, 2, 'WNI', '6285640796513', 0, 0),
(529, 330121212649, 'ARZA RADIANSYAH', 'PURWOKERTO', '1983-11-12', 'L', 'PURWOKERTO', 3, 2, 3, 'WNI', '6285640796514', 0, 0),
(530, 330121212650, 'BAGINDA MUHAMMAD RANDA', 'PURWOKERTO', '1983-11-13', 'P', 'PURWOKERTO', 2, 1, 8, 'WNI', '6285640796515', 0, 0),
(531, 330121212651, 'DJADIAS KEENAN', 'PURWOKERTO', '1983-11-14', 'L', 'PURWOKERTO', 2, 1, 9, 'WNI', '6285640796516', 0, 1),
(532, 330121212652, 'EKA LINA KHAIRUNNISA', 'PURWOKERTO', '1983-11-15', 'P', 'PURWOKERTO', 4, 3, 8, 'WNI', '6285640796517', 0, 1),
(533, 330121212653, 'FACHRUR ROZI', 'PURWOKERTO', '1983-11-16', 'L', 'PURWOKERTO', 1, 1, 2, 'WNI', '6285640796518', 0, 1),
(534, 330121212654, 'FANNY GUNAWAN', 'PURWOKERTO', '1983-11-17', 'P', 'PURWOKERTO', 1, 3, 6, 'WNI', '6285640796519', 0, 0),
(535, 330121212655, 'FEMILIA SETIOWENY', 'PURWOKERTO', '1983-11-18', 'L', 'PURWOKERTO', 4, 4, 9, 'WNI', '6285640796520', 0, 1),
(536, 330121212656, 'FIRDAUS HARUN', 'PURWOKERTO', '1983-11-19', 'P', 'PURWOKERTO', 2, 4, 3, 'WNI', '6285640796521', 0, 0),
(537, 330121212657, 'FLATINO MUNIR', 'PURWOKERTO', '1983-11-20', 'L', 'PURWOKERTO', 2, 4, 2, 'WNI', '6285640796522', 0, 1),
(538, 330121212658, 'HAFIZ ALAM', 'PURWOKERTO', '1983-11-21', 'P', 'PURWOKERTO', 3, 4, 5, 'WNI', '6285640796523', 0, 0),
(539, 330121212659, 'HANIKI DIAN PANGESTU', 'PURWOKERTO', '1983-11-22', 'L', 'PURWOKERTO', 3, 3, 2, 'WNI', '6285640796524', 0, 1),
(540, 330121212660, 'INDAH WULAN SARI', 'PURWOKERTO', '1983-11-23', 'P', 'PURWOKERTO', 3, 3, 1, 'WNI', '6285640796525', 0, 1),
(541, 330121212661, 'INGGIT GANASIH', 'PURWOKERTO', '1983-11-24', 'L', 'PURWOKERTO', 5, 1, 1, 'WNI', '6285640796526', 0, 0),
(542, 330121212662, 'LINDA NOVIANI', 'PURWOKERTO', '1983-11-25', 'P', 'PURWOKERTO', 2, 2, 1, 'WNI', '6285640796527', 0, 1),
(543, 330121212663, 'LUTFI ALDIANSYAH', 'PURWOKERTO', '1983-11-26', 'L', 'PURWOKERTO', 2, 1, 9, 'WNI', '6285640796528', 0, 0),
(544, 330121212664, 'LUTHFI HAWARI', 'PURWOKERTO', '1983-11-27', 'P', 'PURWOKERTO', 1, 2, 9, 'WNI', '6285640796529', 0, 0),
(545, 330121212665, 'M. GUNTUR SURAWIJAYA', 'PURWOKERTO', '1983-11-28', 'L', 'PURWOKERTO', 4, 3, 1, 'WNI', '6285640796530', 0, 0),
(546, 330121212666, 'MICHAEL TEDDY FERNANDO', 'PURWOKERTO', '1983-11-29', 'P', 'PURWOKERTO', 1, 3, 2, 'WNI', '6285640796531', 0, 0),
(547, 330121212667, 'MUHAMMAD AZID PRATAMA', 'PURWOKERTO', '1983-11-30', 'L', 'PURWOKERTO', 5, 1, 2, 'WNI', '6285640796532', 0, 1),
(548, 330121212668, 'MUHAMMAD FAISAL KAMIL', 'PURWOKERTO', '1983-12-01', 'P', 'PURWOKERTO', 5, 3, 2, 'WNI', '6285640796533', 0, 1),
(549, 330121212669, 'MUTIA SORAYA KARIMA', 'PURWOKERTO', '1983-12-02', 'L', 'PURWOKERTO', 1, 1, 6, 'WNI', '6285640796534', 0, 0),
(550, 330121212670, 'NACHLA FAUZIAH', 'PURWOKERTO', '1983-12-03', 'P', 'PURWOKERTO', 2, 2, 5, 'WNI', '6285640796535', 0, 1),
(551, 330121212671, 'NUR RAHMAWATI PUTRI', 'PURWOKERTO', '1983-12-04', 'L', 'PURWOKERTO', 1, 4, 5, 'WNI', '6285640796536', 0, 0),
(552, 330121212672, 'NURMALA EKA HERYANTI', 'PURWOKERTO', '1983-12-05', 'P', 'PURWOKERTO', 3, 3, 5, 'WNI', '6285640796537', 0, 1),
(553, 330121212673, 'NUR MUHDIYANTIH', 'PURWOKERTO', '1983-12-06', 'L', 'PURWOKERTO', 5, 3, 8, 'WNI', '6285640796538', 0, 0),
(554, 330121212674, 'RAHMADETY HANAFI', 'PURWOKERTO', '1983-12-07', 'P', 'PURWOKERTO', 1, 3, 8, 'WNI', '6285640796539', 0, 0),
(555, 330121212675, 'REZA PAHLEVI', 'PURWOKERTO', '1983-12-08', 'L', 'PURWOKERTO', 1, 1, 1, 'WNI', '6285640796540', 0, 0),
(556, 330121212676, 'RIYADI HIDAYAT', 'PURWOKERTO', '1983-12-09', 'P', 'PURWOKERTO', 1, 3, 2, 'WNI', '6285640796541', 0, 1),
(557, 330121212677, 'RIZKI RAHADIANSYAH', 'PURWOKERTO', '1983-12-10', 'L', 'PURWOKERTO', 2, 1, 4, 'WNI', '6285640796542', 0, 0),
(558, 330121212678, 'ROBBY AZIZ AL MANNAN', 'PURWOKERTO', '1983-12-11', 'P', 'PURWOKERTO', 3, 2, 7, 'WNI', '6285640796543', 0, 1),
(559, 330121212679, 'SATRIA HIDAYAT', 'PURWOKERTO', '1983-12-12', 'L', 'PURWOKERTO', 5, 4, 8, 'WNI', '6285640796544', 0, 0),
(560, 330121212680, 'SITI KHUSNUL RIFANI', 'PURWOKERTO', '1983-12-13', 'P', 'PURWOKERTO', 3, 2, 3, 'WNI', '6285640796545', 0, 1),
(561, 330121212681, 'TIARA ANGGREANY', 'PURWOKERTO', '1983-12-14', 'L', 'PURWOKERTO', 1, 3, 2, 'WNI', '6285640796546', 0, 0),
(562, 330121212682, 'YOENI RATNA NOER AYUNINGSY', 'PURWOKERTO', '1983-12-15', 'P', 'PURWOKERTO', 2, 1, 3, 'WNI', '6285640796547', 0, 1),
(563, 330121212683, 'SITI HUMAIROH MUSLIHAH', 'PURWOKERTO', '1983-12-16', 'L', 'PURWOKERTO', 2, 1, 3, 'WNI', '6285640796548', 0, 1),
(564, 330121212684, 'DIMAS DJOKO AGUS ABADI', 'PURWOKERTO', '1983-12-17', 'P', 'PURWOKERTO', 5, 4, 4, 'WNI', '6285640796549', 0, 1),
(565, 330121212685, 'LINDA ASMARANI', 'PURWOKERTO', '1983-12-18', 'L', 'PURWOKERTO', 4, 2, 9, 'WNI', '6285640796550', 0, 1),
(566, 330121212686, 'FEBRIN SARTIKA', 'PURWOKERTO', '1983-12-19', 'P', 'PURWOKERTO', 3, 1, 5, 'WNI', '6285640796551', 0, 1),
(567, 330121212687, 'DWI ESTI HASTUTI', 'PURWOKERTO', '1983-12-20', 'L', 'PURWOKERTO', 3, 4, 6, 'WNI', '6285640796552', 0, 1),
(568, 330121212688, 'HANIF FATHUR RACHMAN', 'PURWOKERTO', '1983-12-21', 'P', 'PURWOKERTO', 2, 2, 8, 'WNI', '6285640796553', 0, 1),
(569, 330121212689, 'RUDY HARFANDI', 'PURWOKERTO', '1983-12-22', 'L', 'PURWOKERTO', 5, 3, 2, 'WNI', '6285640796554', 0, 0),
(570, 330121212690, 'AGUS SISWANTO', 'PURWOKERTO', '1983-12-23', 'P', 'PURWOKERTO', 2, 2, 2, 'WNI', '6285640796555', 0, 1),
(571, 330121212691, 'ANGGA WIRAWAN SUSANTO P', 'PURWOKERTO', '1983-12-24', 'L', 'PURWOKERTO', 5, 1, 5, 'WNI', '6285640796556', 0, 1),
(572, 330121212692, 'SAIRUL LUMBAN BATU', 'PURWOKERTO', '1983-12-25', 'P', 'PURWOKERTO', 4, 2, 9, 'WNI', '6285640796557', 0, 0),
(573, 330121212693, 'MUHAMAD GUNTUR PRABOWO WITJAKSONO', 'PURWOKERTO', '1983-12-26', 'L', 'PURWOKERTO', 4, 1, 2, 'WNI', '6285640796558', 0, 0),
(574, 330121212694, 'NURHAYATI', 'PURWOKERTO', '1983-12-27', 'P', 'PURWOKERTO', 3, 2, 6, 'WNI', '6285640796559', 0, 1),
(575, 330121212695, 'SUSANDRA AFRIYANI', 'PURWOKERTO', '1983-12-28', 'L', 'PURWOKERTO', 5, 1, 3, 'WNI', '6285640796560', 0, 1),
(576, 330121212696, 'WIDYANSARI', 'PURWOKERTO', '1983-12-29', 'P', 'PURWOKERTO', 3, 2, 3, 'WNI', '6285640796561', 0, 0),
(577, 330121212697, 'J. EDHIE SASONGKO', 'PURWOKERTO', '1983-12-30', 'L', 'PURWOKERTO', 1, 2, 7, 'WNI', '6285640796562', 0, 1),
(578, 330121212698, 'AGUSTINA PARIPURNA', 'PURWOKERTO', '1983-12-31', 'P', 'PURWOKERTO', 2, 2, 5, 'WNI', '6285640796563', 0, 0),
(579, 330121212699, 'PINGKAN MARINA', 'PURWOKERTO', '1984-01-01', 'L', 'PURWOKERTO', 4, 3, 1, 'WNI', '6285640796564', 0, 1),
(580, 330121212700, 'SATIRI MANSHUR CHAIRUL A', 'PURWOKERTO', '1984-01-02', 'P', 'PURWOKERTO', 3, 1, 1, 'WNI', '6285640796565', 0, 0),
(581, 330121212701, 'GEMI SETIA MARTANI', 'PURWOKERTO', '1984-01-03', 'L', 'PURWOKERTO', 2, 1, 1, 'WNI', '6285640796566', 0, 0),
(582, 330121212702, 'ADHITYO SENO HARSOYO', 'PURWOKERTO', '1984-01-04', 'P', 'PURWOKERTO', 4, 4, 4, 'WNI', '6285640796567', 0, 0),
(583, 330121212703, 'CHANDRA HUTAMA', 'PURWOKERTO', '1984-01-05', 'L', 'PURWOKERTO', 1, 3, 1, 'WNI', '6285640796568', 0, 0),
(584, 330121212704, 'DEWI YULIANI', 'PURWOKERTO', '1984-01-06', 'P', 'PURWOKERTO', 2, 1, 7, 'WNI', '6285640796569', 0, 0),
(585, 330121212705, 'DIANA AGUSTIN', 'PURWOKERTO', '1984-01-07', 'L', 'PURWOKERTO', 1, 1, 7, 'WNI', '6285640796570', 0, 0),
(586, 330121212706, 'EDY WAHYUDI', 'PURWOKERTO', '1984-01-08', 'P', 'PURWOKERTO', 2, 2, 7, 'WNI', '6285640796571', 0, 1),
(587, 330121212707, 'ILHAM RUSDIANSAH', 'PURWOKERTO', '1984-01-09', 'L', 'PURWOKERTO', 1, 3, 5, 'WNI', '6285640796572', 0, 0),
(588, 330121212708, 'MUHAMMAD ICHSAN', 'PURWOKERTO', '1984-01-10', 'P', 'PURWOKERTO', 5, 1, 5, 'WNI', '6285640796573', 0, 1),
(589, 330121212709, 'NIGAK KOGOYA', 'PURWOKERTO', '1984-01-11', 'L', 'PURWOKERTO', 1, 3, 3, 'WNI', '6285640796574', 0, 1),
(590, 330121212710, 'ANDRE PARLINDUNGAN PANJAITAN', 'PURWOKERTO', '1984-01-12', 'P', 'PURWOKERTO', 1, 4, 1, 'WNI', '6285640796575', 0, 0),
(591, 330121212711, 'NOVIANTI', 'PURWOKERTO', '1984-01-13', 'L', 'PURWOKERTO', 1, 4, 6, 'WNI', '6285640796576', 0, 1),
(592, 330121212712, 'FARISZ', 'PURWOKERTO', '1984-01-14', 'P', 'PURWOKERTO', 4, 2, 3, 'WNI', '6285640796577', 0, 1),
(593, 330121212713, 'TINA MULIANA', 'PURWOKERTO', '1984-01-15', 'L', 'PURWOKERTO', 5, 3, 4, 'WNI', '6285640796578', 0, 0),
(594, 330121212714, 'MARIA ENDANG NURWIDARYANTI', 'PURWOKERTO', '1984-01-16', 'P', 'PURWOKERTO', 2, 3, 7, 'WNI', '6285640796579', 0, 1),
(595, 330121212715, 'BETTY MARITA WULAN SARI', 'PURWOKERTO', '1984-01-17', 'L', 'PURWOKERTO', 1, 4, 4, 'WNI', '6285640796580', 0, 1),
(596, 330121212716, 'BAYU TRI WIDIARSO', 'PURWOKERTO', '1984-01-18', 'P', 'PURWOKERTO', 1, 1, 9, 'WNI', '6285640796581', 0, 0),
(597, 330121212717, 'HASTRI MELANY', 'PURWOKERTO', '1984-01-19', 'L', 'PURWOKERTO', 1, 4, 1, 'WNI', '6285640796582', 0, 1),
(598, 330121212718, 'PRASETYO HARI WIBOWO', 'PURWOKERTO', '1984-01-20', 'P', 'PURWOKERTO', 3, 4, 3, 'WNI', '6285640796583', 0, 0),
(599, 330121212719, 'DADI ISKANDARSYAH A', 'PURWOKERTO', '1984-01-21', 'L', 'PURWOKERTO', 3, 2, 6, 'WNI', '6285640796584', 0, 1),
(600, 330121212720, 'FINDY FARLINA', 'PURWOKERTO', '1984-01-22', 'P', 'PURWOKERTO', 2, 3, 9, 'WNI', '6285640796585', 0, 0),
(601, 330121212721, 'MAHYA AKHYANTI AKHNAIN', 'PURWOKERTO', '1984-01-23', 'L', 'PURWOKERTO', 1, 3, 9, 'WNI', '6285640796586', 0, 1),
(602, 330121212722, 'MONALISA', 'PURWOKERTO', '1984-01-24', 'P', 'PURWOKERTO', 4, 1, 6, 'WNI', '6285640796587', 0, 0),
(603, 330121212723, 'REYNALDO FREDERIK TURANGAN', 'PURWOKERTO', '1984-01-25', 'L', 'PURWOKERTO', 5, 3, 3, 'WNI', '6285640796588', 0, 1),
(604, 330121212724, 'YURIO ASTARY AZHAR', 'PURWOKERTO', '1984-01-26', 'P', 'PURWOKERTO', 4, 4, 6, 'WNI', '6285640796589', 0, 0),
(605, 330121212725, 'AGHIST SYAIKHI MAULANA S', 'PURWOKERTO', '1984-01-27', 'L', 'PURWOKERTO', 2, 4, 8, 'WNI', '6285640796590', 0, 1),
(606, 330121212726, 'AJI TRIWIBAWA', 'PURWOKERTO', '1984-01-28', 'P', 'PURWOKERTO', 2, 3, 2, 'WNI', '6285640796591', 0, 0),
(607, 330121212727, 'ARIO BRAMANTYO', 'PURWOKERTO', '1984-01-29', 'L', 'PURWOKERTO', 1, 1, 1, 'WNI', '6285640796592', 0, 0),
(608, 330121212728, 'ARYA SEDAYU DANANG PANGESTU', 'PURWOKERTO', '1984-01-30', 'P', 'PURWOKERTO', 3, 2, 4, 'WNI', '6285640796593', 0, 1),
(609, 330121212729, 'DELFITA SIAGIAN', 'PURWOKERTO', '1984-01-31', 'L', 'PURWOKERTO', 3, 4, 6, 'WNI', '6285640796594', 0, 0),
(610, 330121212730, 'DEVI CINTIA PERTIWI', 'PURWOKERTO', '1984-02-01', 'P', 'PURWOKERTO', 5, 3, 8, 'WNI', '6285640796595', 0, 0),
(611, 330121212731, 'DEVI TOURMAYDA ANGELIA', 'PURWOKERTO', '1984-02-02', 'L', 'PURWOKERTO', 4, 2, 7, 'WNI', '6285640796596', 0, 1),
(612, 330121212732, 'DIAH BUDIASIH', 'PURWOKERTO', '1984-02-03', 'P', 'PURWOKERTO', 5, 1, 5, 'WNI', '6285640796597', 0, 1),
(613, 330121212733, 'DINA KARLINA', 'PURWOKERTO', '1984-02-04', 'L', 'PURWOKERTO', 2, 2, 4, 'WNI', '6285640796598', 0, 0),
(614, 330121212734, 'GHALIH SALVINO', 'PURWOKERTO', '1984-02-05', 'P', 'PURWOKERTO', 2, 4, 7, 'WNI', '6285640796599', 0, 0),
(615, 330121212735, 'HAMDAN SURYA OCTANTO', 'PURWOKERTO', '1984-02-06', 'L', 'PURWOKERTO', 2, 1, 1, 'WNI', '6285640796600', 0, 1),
(616, 330121212736, 'HARIS SEPTIAN', 'PURWOKERTO', '1984-02-07', 'P', 'PURWOKERTO', 3, 2, 1, 'WNI', '6285640796601', 0, 0),
(617, 330121212737, 'HARRIS FATTURAHMAN NUGRAHA', 'PURWOKERTO', '1984-02-08', 'L', 'PURWOKERTO', 1, 4, 8, 'WNI', '6285640796602', 0, 0),
(618, 330121212738, 'HERIYANA', 'PURWOKERTO', '1984-02-09', 'P', 'PURWOKERTO', 1, 1, 6, 'WNI', '6285640796603', 0, 1),
(619, 330121212739, 'HETTY RESTU YULI YUSTANTI', 'PURWOKERTO', '1984-02-10', 'L', 'PURWOKERTO', 2, 3, 7, 'WNI', '6285640796604', 0, 0),
(620, 330121212740, 'HUTAMI NOVIYANTI', 'PURWOKERTO', '1984-02-11', 'P', 'PURWOKERTO', 2, 4, 5, 'WNI', '6285640796605', 0, 0),
(621, 330121212741, 'IRVAN SAPUTRA', 'PURWOKERTO', '1984-02-12', 'L', 'PURWOKERTO', 5, 4, 8, 'WNI', '6285640796606', 0, 0),
(622, 330121212742, 'JULIAN FAREZA', 'PURWOKERTO', '1984-02-13', 'P', 'PURWOKERTO', 4, 2, 7, 'WNI', '6285640796607', 0, 1),
(623, 330121212743, 'KARINA', 'PURWOKERTO', '1984-02-14', 'L', 'PURWOKERTO', 1, 4, 2, 'WNI', '6285640796608', 0, 1),
(624, 330121212744, 'KARTIKA SUKMA', 'PURWOKERTO', '1984-02-15', 'P', 'PURWOKERTO', 4, 3, 1, 'WNI', '6285640796609', 0, 0),
(625, 330121212745, 'LU`LU`  LUTFIAH', 'PURWOKERTO', '1984-02-16', 'L', 'PURWOKERTO', 2, 2, 2, 'WNI', '6285640796610', 0, 0),
(626, 330121212746, 'LUTHFI DWI ADHITYA', 'PURWOKERTO', '1984-02-17', 'P', 'PURWOKERTO', 5, 3, 3, 'WNI', '6285640796611', 0, 0),
(627, 330121212747, 'MAHFUZ RIDHO S.', 'PURWOKERTO', '1984-02-18', 'L', 'PURWOKERTO', 2, 3, 7, 'WNI', '6285640796612', 0, 0),
(628, 330121212748, 'MANGGALA ADI PERWIRA PUTRA PRAJA', 'PURWOKERTO', '1984-02-19', 'P', 'PURWOKERTO', 4, 1, 9, 'WNI', '6285640796613', 0, 1),
(629, 330121212749, 'MARIA SUNIATI JELALU', 'PURWOKERTO', '1984-02-20', 'L', 'PURWOKERTO', 3, 4, 4, 'WNI', '6285640796614', 0, 0),
(630, 330121212750, 'MAYA WIDO ANUGRAHDEWI', 'PURWOKERTO', '1984-02-21', 'P', 'PURWOKERTO', 2, 2, 6, 'WNI', '6285640796615', 0, 0),
(631, 330121212751, 'MAZRA IFFAHLABIBAH', 'PURWOKERTO', '1984-02-22', 'L', 'PURWOKERTO', 3, 4, 8, 'WNI', '6285640796616', 0, 1),
(632, 330121212752, 'MOHAMAD DIRDHA GUMANTAKA BUDIARDHA', 'PURWOKERTO', '1984-02-23', 'P', 'PURWOKERTO', 4, 4, 9, 'WNI', '6285640796617', 0, 1),
(633, 330121212753, 'MUHAMAD AJIL', 'PURWOKERTO', '1984-02-24', 'L', 'PURWOKERTO', 4, 4, 4, 'WNI', '6285640796618', 0, 1),
(634, 330121212754, 'MUHAMMAD ARYO PRASETYO', 'PURWOKERTO', '1984-02-25', 'P', 'PURWOKERTO', 3, 3, 1, 'WNI', '6285640796619', 0, 0),
(635, 330121212755, 'MUNGGAR WINTANG ADI W.', 'PURWOKERTO', '1984-02-26', 'L', 'PURWOKERTO', 1, 4, 1, 'WNI', '6285640796620', 0, 0),
(636, 330121212756, 'NANA WILIYANA SUMANTRI', 'PURWOKERTO', '1984-02-27', 'P', 'PURWOKERTO', 4, 1, 8, 'WNI', '6285640796621', 0, 1),
(637, 330121212757, 'NI MADE DYAH UTARI ANGGARINI', 'PURWOKERTO', '1984-02-28', 'L', 'PURWOKERTO', 3, 3, 6, 'WNI', '6285640796622', 0, 0),
(638, 330121212758, 'NISA DELAWINATI', 'PURWOKERTO', '1984-02-29', 'P', 'PURWOKERTO', 2, 3, 4, 'WNI', '6285640796623', 0, 1),
(639, 330121212759, 'NURUL FADJRIN', 'PURWOKERTO', '1984-03-01', 'L', 'PURWOKERTO', 3, 2, 7, 'WNI', '6285640796624', 0, 1),
(640, 330121212760, 'OKY ANDRIYADI', 'PURWOKERTO', '1984-03-02', 'P', 'PURWOKERTO', 5, 2, 1, 'WNI', '6285640796625', 0, 1),
(641, 330121212761, 'RANIA', 'PURWOKERTO', '1984-03-03', 'L', 'PURWOKERTO', 4, 3, 3, 'WNI', '6285640796626', 0, 1),
(642, 330121212762, 'RESTI RESDIANA', 'PURWOKERTO', '1984-03-04', 'P', 'PURWOKERTO', 5, 3, 8, 'WNI', '6285640796627', 0, 0),
(643, 330121212763, 'RESTU LIANITA', 'PURWOKERTO', '1984-03-05', 'L', 'PURWOKERTO', 4, 3, 4, 'WNI', '6285640796628', 0, 0),
(644, 330121212764, 'RIESTA TRIA ULFA', 'PURWOKERTO', '1984-03-06', 'P', 'PURWOKERTO', 4, 4, 2, 'WNI', '6285640796629', 0, 0),
(645, 330121212765, 'RIO ANGGADIO PELLOKILA', 'PURWOKERTO', '1984-03-07', 'L', 'PURWOKERTO', 2, 4, 3, 'WNI', '6285640796630', 0, 0),
(646, 330121212766, 'RIO RAMADHAN', 'PURWOKERTO', '1984-03-08', 'P', 'PURWOKERTO', 1, 1, 2, 'WNI', '6285640796631', 0, 1),
(647, 330121212767, 'SANTIARA RIZKY APRIANI', 'PURWOKERTO', '1984-03-09', 'L', 'PURWOKERTO', 3, 4, 8, 'WNI', '6285640796632', 0, 1),
(648, 330121212768, 'SELVITRI', 'PURWOKERTO', '1984-03-10', 'P', 'PURWOKERTO', 4, 1, 2, 'WNI', '6285640796633', 0, 0),
(649, 330121212769, 'SETYO BUDI PRABOWO', 'PURWOKERTO', '1984-03-11', 'L', 'PURWOKERTO', 1, 4, 3, 'WNI', '6285640796634', 0, 0),
(650, 330121212770, 'SISKA ATMANINGRUM', 'PURWOKERTO', '1984-03-12', 'P', 'PURWOKERTO', 1, 2, 5, 'WNI', '6285640796635', 0, 1),
(651, 330121212771, 'SISKA DAMASTUTI', 'PURWOKERTO', '1984-03-13', 'L', 'PURWOKERTO', 5, 2, 7, 'WNI', '6285640796636', 0, 1),
(652, 330121212772, 'SUTRIYATI', 'PURWOKERTO', '1984-03-14', 'P', 'PURWOKERTO', 4, 4, 7, 'WNI', '6285640796637', 0, 0),
(653, 330121212773, 'SYARIEF HUSEIN AR RIDHO', 'PURWOKERTO', '1984-03-15', 'L', 'PURWOKERTO', 4, 4, 5, 'WNI', '6285640796638', 0, 0),
(654, 330121212774, 'TIRZA FEBRIANI', 'PURWOKERTO', '1984-03-16', 'P', 'PURWOKERTO', 3, 3, 3, 'WNI', '6285640796639', 0, 1),
(655, 330121212775, 'WAHDAH SYARIFAH', 'PURWOKERTO', '1984-03-17', 'L', 'PURWOKERTO', 2, 3, 3, 'WNI', '6285640796640', 0, 0),
(656, 330121212776, 'YODIA NATASYA', 'PURWOKERTO', '1984-03-18', 'P', 'PURWOKERTO', 1, 4, 5, 'WNI', '6285640796641', 0, 1),
(657, 330121212777, 'YUDHITIA WARDANA', 'PURWOKERTO', '1984-03-19', 'L', 'PURWOKERTO', 1, 4, 7, 'WNI', '6285640796642', 0, 1),
(658, 330121212778, 'MORISA TRIANA', 'PURWOKERTO', '1984-03-20', 'P', 'PURWOKERTO', 2, 1, 8, 'WNI', '6285640796643', 0, 1),
(659, 330121212779, 'RESHA FEBRIANTO', 'PURWOKERTO', '1984-03-21', 'L', 'PURWOKERTO', 1, 1, 8, 'WNI', '6285640796644', 0, 0),
(660, 330121212780, 'JARHENZ CARL', 'PURWOKERTO', '1984-03-22', 'P', 'PURWOKERTO', 1, 2, 7, 'WNI', '6285640796645', 0, 1),
(661, 330121212781, 'SUBEKTI PERMONO SARI', 'PURWOKERTO', '1984-03-23', 'L', 'PURWOKERTO', 1, 1, 2, 'WNI', '6285640796646', 0, 0),
(662, 330121212782, 'GILANG ANGGORO PUTRO', 'PURWOKERTO', '1984-03-24', 'P', 'PURWOKERTO', 5, 2, 2, 'WNI', '6285640796647', 0, 0),
(663, 330121212783, 'LAURENTIUS BRYAN LARISSA', 'PURWOKERTO', '1984-03-25', 'L', 'PURWOKERTO', 3, 3, 9, 'WNI', '6285640796648', 0, 1),
(664, 330121212784, 'SAFITRIANI', 'PURWOKERTO', '1984-03-26', 'P', 'PURWOKERTO', 1, 4, 3, 'WNI', '6285640796649', 0, 1),
(665, 330121212785, 'ANDINI', 'PURWOKERTO', '1984-03-27', 'L', 'PURWOKERTO', 1, 4, 4, 'WNI', '6285640796650', 0, 0),
(666, 330121212786, 'DIAN ISMI NURSAIDA', 'PURWOKERTO', '1984-03-28', 'P', 'PURWOKERTO', 2, 2, 2, 'WNI', '6285640796651', 0, 1),
(667, 330121212787, 'OKI SULISTYOWATI', 'PURWOKERTO', '1984-03-29', 'L', 'PURWOKERTO', 2, 1, 4, 'WNI', '6285640796652', 0, 1),
(668, 330121212788, 'YAUMIL ASRI', 'PURWOKERTO', '1984-03-30', 'P', 'PURWOKERTO', 1, 3, 6, 'WNI', '6285640796653', 0, 1),
(669, 330121212789, 'DEVIANA CHRISTINE', 'PURWOKERTO', '1984-03-31', 'L', 'PURWOKERTO', 1, 4, 7, 'WNI', '6285640796654', 0, 0),
(670, 330121212790, 'DHITA TRIAPRILIANINGRUM', 'PURWOKERTO', '1984-04-01', 'P', 'PURWOKERTO', 3, 4, 5, 'WNI', '6285640796655', 0, 1),
(671, 330121212791, 'RESA GITA ANNISA', 'PURWOKERTO', '1984-04-02', 'L', 'PURWOKERTO', 5, 2, 7, 'WNI', '6285640796656', 0, 1),
(672, 330121212792, 'MOHAMAD SONNY HANDOKO', 'PURWOKERTO', '1984-04-03', 'P', 'PURWOKERTO', 2, 4, 3, 'WNI', '6285640796657', 0, 1),
(673, 330121212793, 'NURSOBAH', 'PURWOKERTO', '1984-04-04', 'L', 'PURWOKERTO', 2, 3, 1, 'WNI', '6285640796658', 0, 1),
(674, 330121212794, 'LEONY OKTARIA SIHOMBING', 'PURWOKERTO', '1984-04-05', 'P', 'PURWOKERTO', 4, 3, 7, 'WNI', '6285640796659', 0, 0),
(675, 330121212795, 'NOVITA SARI', 'PURWOKERTO', '1984-04-06', 'L', 'PURWOKERTO', 1, 1, 4, 'WNI', '6285640796660', 0, 1),
(676, 330121212796, 'INDRI HAPSARI', 'PURWOKERTO', '1984-04-07', 'P', 'PURWOKERTO', 2, 4, 4, 'WNI', '6285640796661', 0, 1),
(677, 330121212797, 'FEBRIET EKSADHI PUTRA', 'PURWOKERTO', '1984-04-08', 'L', 'PURWOKERTO', 2, 1, 4, 'WNI', '6285640796662', 0, 1),
(678, 330121212798, 'YENI HANDAYANI', 'PURWOKERTO', '1984-04-09', 'P', 'PURWOKERTO', 1, 1, 3, 'WNI', '6285640796663', 0, 1),
(679, 330121212799, 'PANDE PUTU BUDAPRASADA', 'PURWOKERTO', '1984-04-10', 'L', 'PURWOKERTO', 4, 2, 2, 'WNI', '6285640796664', 0, 1),
(680, 330121212800, 'DWI SETIAWAN', 'PURWOKERTO', '1984-04-11', 'P', 'PURWOKERTO', 4, 1, 9, 'WNI', '6285640796665', 0, 1),
(681, 330121212801, 'MUHAMAD YUSUF', 'PURWOKERTO', '1984-04-12', 'L', 'PURWOKERTO', 5, 3, 5, 'WNI', '6285640796666', 0, 1),
(682, 330121212802, 'BRIYAN SUSANTO', 'PURWOKERTO', '1984-04-13', 'P', 'PURWOKERTO', 1, 4, 7, 'WNI', '6285640796667', 0, 1),
(683, 330121212803, 'CINDARROSWENI', 'PURWOKERTO', '1984-04-14', 'L', 'PURWOKERTO', 2, 2, 8, 'WNI', '6285640796668', 0, 1),
(684, 330121212804, 'ZULRAHMAN HAKIM', 'PURWOKERTO', '1984-04-15', 'P', 'PURWOKERTO', 1, 1, 1, 'WNI', '6285640796669', 0, 1),
(685, 330121212805, 'RIFFA JUFFIASARI', 'PURWOKERTO', '1984-04-16', 'L', 'PURWOKERTO', 1, 4, 9, 'WNI', '6285640796670', 0, 1),
(686, 330121212806, 'MUSA KADZIM ANWAR', 'PURWOKERTO', '1984-04-17', 'P', 'PURWOKERTO', 2, 1, 2, 'WNI', '6285640796671', 0, 1),
(687, 330121212807, 'NOVELITA PRIMACAHYA', 'PURWOKERTO', '1984-04-18', 'L', 'PURWOKERTO', 3, 3, 1, 'WNI', '6285640796672', 0, 0),
(688, 330121212808, 'I PUTU CHANDRA WIDJAYA', 'PURWOKERTO', '1984-04-19', 'P', 'PURWOKERTO', 3, 2, 5, 'WNI', '6285640796673', 0, 1),
(689, 330121212809, 'SUHARYONO HADISUMARNO', 'PURWOKERTO', '1984-04-20', 'L', 'PURWOKERTO', 3, 1, 6, 'WNI', '6285640796674', 0, 0),
(690, 330121212810, 'ANAK AGUNG INDRI CAHYANI', 'PURWOKERTO', '1984-04-21', 'P', 'PURWOKERTO', 4, 2, 8, 'WNI', '6285640796675', 0, 1),
(691, 330121212811, 'ARMY ATSTEFFONTO', 'PURWOKERTO', '1984-04-22', 'L', 'PURWOKERTO', 4, 1, 8, 'WNI', '6285640796676', 0, 1),
(692, 330121212812, 'VICKY HANGGARA', 'PURWOKERTO', '1984-04-23', 'P', 'PURWOKERTO', 3, 2, 6, 'WNI', '6285640796677', 0, 1),
(693, 330121212813, 'YAYAT NURHIDAYAT', 'PURWOKERTO', '1984-04-24', 'L', 'PURWOKERTO', 4, 1, 2, 'WNI', '6285640796678', 0, 0),
(694, 330121212814, 'MUHAMMAD YUZFIKAR RACHMAN', 'PURWOKERTO', '1984-04-25', 'P', 'PURWOKERTO', 1, 2, 2, 'WNI', '6285640796679', 0, 1),
(695, 330121212815, 'REZA AGUSTIAN', 'PURWOKERTO', '1984-04-26', 'L', 'PURWOKERTO', 5, 2, 8, 'WNI', '6285640796680', 0, 0),
(696, 330121212816, 'YANNA SAPHIRA NURYADICA', 'PURWOKERTO', '1984-04-27', 'P', 'PURWOKERTO', 5, 2, 8, 'WNI', '6285640796681', 0, 0),
(697, 330121212817, 'WIWIN LESMANA', 'PURWOKERTO', '1984-04-28', 'L', 'PURWOKERTO', 1, 4, 4, 'WNI', '6285640796682', 0, 0),
(698, 330121212818, 'ANNANDA WIDYOBINAWICAKSONO', 'PURWOKERTO', '1984-04-29', 'P', 'PURWOKERTO', 3, 4, 3, 'WNI', '6285640796683', 0, 1),
(699, 330121212819, 'FITRIYANI FAUZIAH', 'PURWOKERTO', '1984-04-30', 'L', 'PURWOKERTO', 5, 3, 1, 'WNI', '6285640796684', 0, 1),
(700, 330121212820, 'RIZKY RIANTO SALIM', 'PURWOKERTO', '1984-05-01', 'P', 'PURWOKERTO', 2, 4, 5, 'WNI', '6285640796685', 0, 1),
(701, 330121212821, 'LIA CHOLILAH', 'PURWOKERTO', '1984-05-02', 'L', 'PURWOKERTO', 1, 3, 9, 'WNI', '6285640796686', 0, 1),
(702, 330121212822, 'HILDA ROSIDA SINTA PUTRI', 'PURWOKERTO', '1984-05-03', 'P', 'PURWOKERTO', 5, 4, 1, 'WNI', '6285640796687', 0, 0),
(703, 330121212823, 'MUHAMAD MAHFUD', 'PURWOKERTO', '1984-05-04', 'L', 'PURWOKERTO', 4, 1, 7, 'WNI', '6285640796688', 0, 0),
(704, 330121212824, 'RATIH KAMAJAYA RACHMAWATI', 'PURWOKERTO', '1984-05-05', 'P', 'PURWOKERTO', 2, 1, 4, 'WNI', '6285640796689', 0, 0),
(705, 330121212825, 'KENDY VIDIARTI SARI', 'PURWOKERTO', '1984-05-06', 'L', 'PURWOKERTO', 2, 3, 4, 'WNI', '6285640796690', 0, 0),
(706, 330121212826, 'TAUFIQ HARUN YUSTIKA', 'PURWOKERTO', '1984-05-07', 'P', 'PURWOKERTO', 5, 3, 9, 'WNI', '6285640796691', 0, 1),
(707, 330121212827, 'SANTI LAILI PAAT', 'PURWOKERTO', '1984-05-08', 'L', 'PURWOKERTO', 2, 3, 2, 'WNI', '6285640796692', 0, 1),
(708, 330121212828, 'MEGANANDA', 'PURWOKERTO', '1984-05-09', 'P', 'PURWOKERTO', 2, 1, 6, 'WNI', '6285640796693', 0, 1),
(709, 330121212829, 'ADITYA RAMADHAN', 'PURWOKERTO', '1984-05-10', 'L', 'PURWOKERTO', 2, 4, 7, 'WNI', '6285640796694', 0, 1),
(710, 330121212830, 'HARI FEBRIAN', 'PURWOKERTO', '1984-05-11', 'P', 'PURWOKERTO', 3, 4, 7, 'WNI', '6285640796695', 0, 0),
(711, 330121212831, 'RIVO ARFIANANTO', 'PURWOKERTO', '1984-05-12', 'L', 'PURWOKERTO', 1, 1, 5, 'WNI', '6285640796696', 0, 0),
(712, 330121212832, 'AHMAD ISHLAHHUDIN', 'PURWOKERTO', '1984-05-13', 'P', 'PURWOKERTO', 2, 2, 8, 'WNI', '6285640796697', 0, 0),
(713, 330121212833, 'GALAN AZRA WIRAWAN', 'PURWOKERTO', '1984-05-14', 'L', 'PURWOKERTO', 2, 4, 4, 'WNI', '6285640796698', 0, 1),
(714, 330121212834, 'MUTIARA PUTRI', 'PURWOKERTO', '1984-05-15', 'P', 'PURWOKERTO', 2, 1, 6, 'WNI', '6285640796699', 0, 0),
(715, 330121212835, 'GUSTIMAS DWI WAHYUDI', 'PURWOKERTO', '1984-05-16', 'L', 'PURWOKERTO', 4, 3, 1, 'WNI', '6285640796700', 0, 1),
(716, 330121212836, 'TYAS GRAITO UTAMI', 'PURWOKERTO', '1984-05-17', 'P', 'PURWOKERTO', 4, 1, 1, 'WNI', '6285640796701', 0, 0),
(717, 330121212837, 'CHESI PUTRI PRAYIDA', 'PURWOKERTO', '1984-05-18', 'L', 'PURWOKERTO', 3, 1, 8, 'WNI', '6285640796702', 0, 0),
(718, 330121212838, 'FATHINAH FILLAH', 'PURWOKERTO', '1984-05-19', 'P', 'PURWOKERTO', 5, 2, 4, 'WNI', '6285640796703', 0, 1),
(719, 330121212839, 'IBRAHIM', 'PURWOKERTO', '1984-05-20', 'L', 'PURWOKERTO', 4, 4, 9, 'WNI', '6285640796704', 0, 0),
(720, 330121212840, 'MUSHAB', 'PURWOKERTO', '1984-05-21', 'P', 'PURWOKERTO', 5, 1, 5, 'WNI', '6285640796705', 0, 0),
(721, 330121212841, 'NINDY HAERUNISA', 'PURWOKERTO', '1984-05-22', 'L', 'PURWOKERTO', 4, 2, 7, 'WNI', '6285640796706', 0, 1),
(722, 330121212842, 'FRIDA JUANI', 'PURWOKERTO', '1984-05-23', 'P', 'PURWOKERTO', 5, 1, 3, 'WNI', '6285640796707', 0, 0),
(723, 330121212843, 'HENDY NURDIANSYAH R', 'PURWOKERTO', '1984-05-24', 'L', 'PURWOKERTO', 2, 2, 2, 'WNI', '6285640796708', 0, 0),
(724, 330121212844, 'PATRICIA UMA KESHIA T.', 'PURWOKERTO', '1984-05-25', 'P', 'PURWOKERTO', 3, 1, 5, 'WNI', '6285640796709', 0, 0),
(725, 330121212845, 'REYZA ADITYA RUKMANA', 'PURWOKERTO', '1984-05-26', 'L', 'PURWOKERTO', 1, 1, 6, 'WNI', '6285640796710', 0, 1),
(726, 330121212846, 'ADITYA WAHYU WARDANI', 'PURWOKERTO', '1984-05-27', 'P', 'PURWOKERTO', 1, 4, 2, 'WNI', '6285640796711', 0, 1),
(727, 330121212847, 'ARIFIN', 'PURWOKERTO', '1984-05-28', 'L', 'PURWOKERTO', 4, 2, 7, 'WNI', '6285640796712', 0, 0),
(728, 330121212848, 'GABY SOSIA LENDHITA', 'PURWOKERTO', '1984-05-29', 'P', 'PURWOKERTO', 1, 2, 1, 'WNI', '6285640796713', 0, 1),
(729, 330121212849, 'DIDIN WIJAYANTO', 'PURWOKERTO', '1984-05-30', 'L', 'PURWOKERTO', 4, 1, 9, 'WNI', '6285640796714', 0, 1),
(730, 330121212850, 'HARIST', 'PURWOKERTO', '1984-05-31', 'P', 'PURWOKERTO', 5, 1, 6, 'WNI', '6285640796715', 0, 0),
(731, 330121212851, 'RIZKYANTONO VERDINAND', 'PURWOKERTO', '1984-06-01', 'L', 'PURWOKERTO', 2, 4, 4, 'WNI', '6285640796716', 0, 0),
(732, 330121212852, 'SISCA KRISTIANTI', 'PURWOKERTO', '1984-06-02', 'P', 'PURWOKERTO', 2, 4, 2, 'WNI', '6285640796717', 0, 1),
(733, 330121212853, 'AHMAD IKROMI', 'PURWOKERTO', '1984-06-03', 'L', 'PURWOKERTO', 1, 1, 4, 'WNI', '6285640796718', 0, 0),
(734, 330121212854, 'RIZKI FATMALA YOULPI', 'PURWOKERTO', '1984-06-04', 'P', 'PURWOKERTO', 1, 2, 6, 'WNI', '6285640796719', 0, 0),
(735, 330121212855, 'EGI PRIANA', 'PURWOKERTO', '1984-06-05', 'L', 'PURWOKERTO', 3, 1, 6, 'WNI', '6285640796720', 0, 1),
(736, 330121212856, 'DIMAS ARIEF RAMADHAN', 'PURWOKERTO', '1984-06-06', 'P', 'PURWOKERTO', 4, 3, 4, 'WNI', '6285640796721', 0, 0),
(737, 330121212857, 'TRESNA ANNISA', 'PURWOKERTO', '1984-06-07', 'L', 'PURWOKERTO', 3, 3, 6, 'WNI', '6285640796722', 0, 0),
(738, 330121212858, 'DUDI SANTOSO', 'PURWOKERTO', '1984-06-08', 'P', 'PURWOKERTO', 1, 2, 3, 'WNI', '6285640796723', 0, 1),
(739, 330121212859, 'DERISKA', 'PURWOKERTO', '1984-06-09', 'L', 'PURWOKERTO', 2, 4, 4, 'WNI', '6285640796724', 0, 1),
(740, 330121212860, 'FAIZAL MA RUF', 'PURWOKERTO', '1984-06-10', 'P', 'PURWOKERTO', 4, 4, 1, 'WNI', '6285640796725', 0, 0),
(741, 330121212861, 'MUHAMMAD AFRIKZI ARDI', 'PURWOKERTO', '1984-06-11', 'L', 'PURWOKERTO', 1, 1, 8, 'WNI', '6285640796726', 0, 1),
(742, 330121212862, 'ALVINA DYTHA NABILA', 'PURWOKERTO', '1984-06-12', 'P', 'PURWOKERTO', 2, 4, 4, 'WNI', '6285640796727', 0, 0),
(743, 330121212863, 'MUHAMMAD FIQRY', 'PURWOKERTO', '1984-06-13', 'L', 'PURWOKERTO', 4, 3, 4, 'WNI', '6285640796728', 0, 0),
(744, 330121212864, 'INDRA GITHA CYNTHIA', 'PURWOKERTO', '1984-06-14', 'P', 'PURWOKERTO', 2, 2, 7, 'WNI', '6285640796729', 0, 0),
(745, 330121212865, 'MARINI RAMADANTI', 'PURWOKERTO', '1984-06-15', 'L', 'PURWOKERTO', 3, 3, 4, 'WNI', '6285640796730', 0, 1),
(746, 330121212866, 'SISKA JULIARTA', 'PURWOKERTO', '1984-06-16', 'P', 'PURWOKERTO', 3, 3, 9, 'WNI', '6285640796731', 0, 0),
(747, 330121212867, 'MOHAMAT FADRY SYARFIANSYAH', 'PURWOKERTO', '1984-06-17', 'L', 'PURWOKERTO', 4, 3, 4, 'WNI', '6285640796732', 0, 0),
(748, 330121212868, 'NIDA NURFAOZIAH', 'PURWOKERTO', '1984-06-18', 'P', 'PURWOKERTO', 5, 3, 2, 'WNI', '6285640796733', 0, 0),
(749, 330121212869, 'PETER JAMES RONALD', 'PURWOKERTO', '1984-06-19', 'L', 'PURWOKERTO', 4, 3, 4, 'WNI', '6285640796734', 0, 1),
(750, 330121212870, 'HANIPAH HIDAYAH', 'PURWOKERTO', '1984-06-20', 'P', 'PURWOKERTO', 1, 3, 4, 'WNI', '6285640796735', 0, 1),
(751, 330121212871, 'DWI FARDI SAPUTRA', 'PURWOKERTO', '1984-06-21', 'L', 'PURWOKERTO', 4, 1, 3, 'WNI', '6285640796736', 0, 0),
(752, 330121212872, 'MEILISA PUTRI NUGRAHENI', 'PURWOKERTO', '1984-06-22', 'P', 'PURWOKERTO', 2, 3, 7, 'WNI', '6285640796737', 0, 1),
(753, 330121212873, 'ANGGRAENY', 'PURWOKERTO', '1984-06-23', 'L', 'PURWOKERTO', 1, 1, 9, 'WNI', '6285640796738', 0, 0),
(754, 330121212874, 'FITRIA', 'PURWOKERTO', '1984-06-24', 'P', 'PURWOKERTO', 2, 2, 8, 'WNI', '6285640796739', 0, 1),
(755, 330121212875, 'SOLIHAH PRATIWI', 'PURWOKERTO', '1984-06-25', 'L', 'PURWOKERTO', 2, 4, 5, 'WNI', '6285640796740', 0, 0),
(756, 330121212876, 'AJRINA AULIA FEBRI', 'PURWOKERTO', '1984-06-26', 'P', 'PURWOKERTO', 4, 2, 1, 'WNI', '6285640796741', 0, 0),
(757, 330121212877, 'DIMAS DWI ARTANTO', 'PURWOKERTO', '1984-06-27', 'L', 'PURWOKERTO', 1, 4, 8, 'WNI', '6285640796742', 0, 0),
(758, 330121212878, 'APRILIA PANGESTUTI', 'PURWOKERTO', '1984-06-28', 'P', 'PURWOKERTO', 1, 3, 6, 'WNI', '6285640796743', 0, 0),
(759, 330121212879, 'LINA INDRIANA', 'PURWOKERTO', '1984-06-29', 'L', 'PURWOKERTO', 3, 3, 8, 'WNI', '6285640796744', 0, 0),
(760, 330121212880, 'AGUNG GINANJAR NUR PRATOMO', 'PURWOKERTO', '1984-06-30', 'P', 'PURWOKERTO', 4, 3, 6, 'WNI', '6285640796745', 0, 0),
(761, 330121212881, 'MOCHAMAD ALDI VIERZA YUSUF', 'PURWOKERTO', '1984-07-01', 'L', 'PURWOKERTO', 4, 4, 7, 'WNI', '6285640796746', 0, 0),
(762, 330121212882, 'EFI TRIANI', 'PURWOKERTO', '1984-07-02', 'P', 'PURWOKERTO', 1, 2, 8, 'WNI', '6285640796747', 0, 0),
(763, 330121212883, 'SISWANDI WIJAYA', 'PURWOKERTO', '1984-07-03', 'L', 'PURWOKERTO', 3, 4, 6, 'WNI', '6285640796748', 0, 0),
(764, 330121212884, 'WIDIANI LARASATI', 'PURWOKERTO', '1984-07-04', 'P', 'PURWOKERTO', 4, 1, 7, 'WNI', '6285640796749', 0, 1),
(765, 330121212885, 'SYAHRUNI SYAHRUL', 'PURWOKERTO', '1984-07-05', 'L', 'PURWOKERTO', 1, 3, 1, 'WNI', '6285640796750', 0, 1),
(766, 330121212886, 'MUHAMMAD ISA IDRIS', 'PURWOKERTO', '1984-07-06', 'P', 'PURWOKERTO', 1, 1, 2, 'WNI', '6285640796751', 0, 0),
(767, 330121212887, 'FEBRIANSYAH FATONI', 'PURWOKERTO', '1984-07-07', 'L', 'PURWOKERTO', 1, 3, 4, 'WNI', '6285640796752', 0, 0),
(768, 330121212888, 'GRESSYA E. NAPITUPULU', 'PURWOKERTO', '1984-07-08', 'P', 'PURWOKERTO', 3, 3, 9, 'WNI', '6285640796753', 0, 0),
(769, 330121212889, 'KARTIKA GUNAWANTI', 'PURWOKERTO', '1984-07-09', 'L', 'PURWOKERTO', 2, 3, 6, 'WNI', '6285640796754', 0, 0),
(770, 330121212890, 'SRI YANTO ', 'PURWOKERTO', '1984-07-10', 'P', 'PURWOKERTO', 5, 3, 3, 'WNI', '6285640796755', 0, 0),
(771, 330121212891, 'FATIAH NURJANNAH', 'PURWOKERTO', '1984-07-11', 'L', 'PURWOKERTO', 3, 3, 2, 'WNI', '6285640796756', 0, 0),
(772, 330121212892, 'RANDY AHMAD', 'PURWOKERTO', '1984-07-12', 'P', 'PURWOKERTO', 3, 1, 7, 'WNI', '6285640796757', 0, 1),
(773, 330121212893, 'GUSTI TRIAN RAHMARDANI', 'PURWOKERTO', '1984-07-13', 'L', 'PURWOKERTO', 4, 1, 2, 'WNI', '6285640796758', 0, 1),
(774, 330121212894, 'ISA HERY WIBOWO', 'PURWOKERTO', '1984-07-14', 'P', 'PURWOKERTO', 5, 3, 7, 'WNI', '6285640796759', 0, 1),
(775, 330121212895, 'NURLINA HERAWATI', 'PURWOKERTO', '1984-07-15', 'L', 'PURWOKERTO', 3, 1, 9, 'WNI', '6285640796760', 0, 0),
(776, 330121212896, 'FENTI BINTARI', 'PURWOKERTO', '1984-07-16', 'P', 'PURWOKERTO', 2, 1, 2, 'WNI', '6285640796761', 0, 1),
(777, 330121212897, 'ANNISA PRATIWI', 'PURWOKERTO', '1984-07-17', 'L', 'PURWOKERTO', 3, 1, 2, 'WNI', '6285640796762', 0, 1),
(778, 330121212898, 'DEWI LISTYANINGSIH', 'PURWOKERTO', '1984-07-18', 'P', 'PURWOKERTO', 3, 4, 9, 'WNI', '6285640796763', 0, 0),
(779, 330121212899, 'SISKA HERLIANA', 'PURWOKERTO', '1984-07-19', 'L', 'PURWOKERTO', 2, 4, 1, 'WNI', '6285640796764', 0, 0),
(780, 330121212900, 'AKBAR REZA', 'PURWOKERTO', '1984-07-20', 'P', 'PURWOKERTO', 3, 1, 1, 'WNI', '6285640796765', 0, 1),
(781, 330121212901, 'MARINI', 'PURWOKERTO', '1984-07-21', 'L', 'PURWOKERTO', 2, 2, 9, 'WNI', '6285640796766', 0, 1),
(782, 330121212902, 'MEKAWATI GUSRINI', 'PURWOKERTO', '1984-07-22', 'P', 'PURWOKERTO', 5, 4, 3, 'WNI', '6285640796767', 0, 1),
(783, 330121212903, 'NADHILAH SIAMITA', 'PURWOKERTO', '1984-07-23', 'L', 'PURWOKERTO', 5, 2, 6, 'WNI', '6285640796768', 0, 0),
(784, 330121212904, 'ERNANDA', 'PURWOKERTO', '1984-07-24', 'P', 'PURWOKERTO', 5, 2, 5, 'WNI', '6285640796769', 0, 1),
(785, 330121212905, 'DEVINA AYU LESTARI', 'PURWOKERTO', '1984-07-25', 'L', 'PURWOKERTO', 2, 4, 9, 'WNI', '6285640796770', 0, 1),
(786, 330121212906, 'RYAN ARDIANSYAH', 'PURWOKERTO', '1984-07-26', 'P', 'PURWOKERTO', 5, 3, 4, 'WNI', '6285640796771', 0, 0),
(787, 330121212907, 'DHERA ARIZONA PRATIWI', 'PURWOKERTO', '1984-07-27', 'L', 'PURWOKERTO', 5, 4, 1, 'WNI', '6285640796772', 0, 0),
(788, 330121212908, 'ARILIA DARMAYANTI', 'PURWOKERTO', '1984-07-28', 'P', 'PURWOKERTO', 2, 3, 6, 'WNI', '6285640796773', 0, 1),
(789, 330121212909, 'KUSUMASTUTI', 'PURWOKERTO', '1984-07-29', 'L', 'PURWOKERTO', 1, 2, 2, 'WNI', '6285640796774', 0, 0),
(790, 330121212910, 'MOHAMMAD HAFIZH', 'PURWOKERTO', '1984-07-30', 'P', 'PURWOKERTO', 5, 4, 2, 'WNI', '6285640796775', 0, 0),
(791, 330121212911, 'STEVIE BURNET', 'PURWOKERTO', '1984-07-31', 'L', 'PURWOKERTO', 5, 4, 5, 'WNI', '6285640796776', 0, 1),
(792, 330121212912, 'LIVARNI', 'PURWOKERTO', '1984-08-01', 'P', 'PURWOKERTO', 2, 3, 3, 'WNI', '6285640796777', 0, 1);
INSERT INTO `tb_pelanggan` (`id`, `ktp`, `nama`, `tpt_lahir`, `tgl_lahir`, `jk`, `alamat`, `kd_agama`, `kd_kawin`, `kd_pekerjaan`, `kewarganegaraan`, `nohp`, `jumlah_pinjam`, `status`) VALUES
(793, 330121212913, 'HANANDITO ANGGORO RIASMORO', 'PURWOKERTO', '1984-08-02', 'L', 'PURWOKERTO', 3, 1, 3, 'WNI', '6285640796778', 0, 1),
(794, 330121212914, 'CITRA MENTARI PAGI', 'PURWOKERTO', '1984-08-03', 'P', 'PURWOKERTO', 1, 4, 4, 'WNI', '6285640796779', 0, 1),
(795, 330121212915, 'RIZKY TINO SAPUTRO', 'PURWOKERTO', '1984-08-04', 'L', 'PURWOKERTO', 5, 4, 3, 'WNI', '6285640796780', 0, 0),
(796, 330121212916, 'GIGIH KRISNA PERMADI', 'PURWOKERTO', '1984-08-05', 'P', 'PURWOKERTO', 2, 2, 4, 'WNI', '6285640796781', 0, 1),
(797, 330121212917, 'MUHAMAD RIFQI FAUZI', 'PURWOKERTO', '1984-08-06', 'L', 'PURWOKERTO', 1, 2, 4, 'WNI', '6285640796782', 0, 1),
(798, 330121212918, 'HALKIRIN', 'PURWOKERTO', '1984-08-07', 'P', 'PURWOKERTO', 1, 2, 1, 'WNI', '6285640796783', 0, 1),
(799, 330121212919, 'ANNISA MENTARI ', 'PURWOKERTO', '1984-08-08', 'L', 'PURWOKERTO', 3, 4, 3, 'WNI', '6285640796784', 0, 0),
(800, 330121212920, 'DIRA RENATA KAMELIA', 'PURWOKERTO', '1984-08-09', 'P', 'PURWOKERTO', 5, 1, 1, 'WNI', '6285640796785', 0, 1),
(801, 330121212921, 'EUIS NURYATI', 'PURWOKERTO', '1984-08-10', 'L', 'PURWOKERTO', 3, 3, 7, 'WNI', '6285640796786', 0, 0),
(802, 330121212922, 'VINA SWANDARI', 'PURWOKERTO', '1984-08-11', 'P', 'PURWOKERTO', 1, 2, 3, 'WNI', '6285640796787', 0, 0),
(803, 330121212923, 'ANGGA IRFANI AHAM', 'PURWOKERTO', '1984-08-12', 'L', 'PURWOKERTO', 3, 3, 1, 'WNI', '6285640796788', 0, 1),
(804, 330121212924, 'MARIO DANIEL N', 'PURWOKERTO', '1984-08-13', 'P', 'PURWOKERTO', 1, 2, 4, 'WNI', '6285640796789', 0, 0),
(805, 330121212925, 'PARAMITHA UNIEK WIDYASARI', 'PURWOKERTO', '1984-08-14', 'L', 'PURWOKERTO', 3, 1, 3, 'WNI', '6285640796790', 0, 1),
(806, 330121212926, 'I PUTU YOGASWARA', 'PURWOKERTO', '1984-08-15', 'P', 'PURWOKERTO', 3, 3, 4, 'WNI', '6285640796791', 0, 0),
(807, 330121212927, 'ANDI KURNIA SAPUTRA', 'PURWOKERTO', '1984-08-16', 'L', 'PURWOKERTO', 3, 1, 9, 'WNI', '6285640796792', 0, 1),
(808, 330121212928, 'RANI AMALIA RATNASARI', 'PURWOKERTO', '1984-08-17', 'P', 'PURWOKERTO', 2, 3, 8, 'WNI', '6285640796793', 0, 1),
(809, 330121212929, 'RINRIN MARLINA', 'PURWOKERTO', '1984-08-18', 'L', 'PURWOKERTO', 2, 2, 4, 'WNI', '6285640796794', 0, 1),
(810, 330121212930, 'FADIL', 'PURWOKERTO', '1984-08-19', 'P', 'PURWOKERTO', 2, 4, 6, 'WNI', '6285640796795', 0, 0),
(811, 330121212931, 'GALIH AGUNG NUGROHO', 'PURWOKERTO', '1984-08-20', 'L', 'PURWOKERTO', 2, 1, 6, 'WNI', '6285640796796', 0, 1),
(812, 330121212932, 'ICHSAN SABDANI', 'PURWOKERTO', '1984-08-21', 'P', 'PURWOKERTO', 4, 3, 7, 'WNI', '6285640796797', 0, 1),
(813, 330121212933, 'OKTARINA ANUGRAH SARASWATI', 'PURWOKERTO', '1984-08-22', 'L', 'PURWOKERTO', 1, 3, 4, 'WNI', '6285640796798', 0, 0),
(814, 330121212934, 'SUTOMO', 'PURWOKERTO', '1984-08-23', 'P', 'PURWOKERTO', 4, 3, 5, 'WNI', '6285640796799', 0, 0),
(815, 330121212935, 'NURUL AHMAD', 'PURWOKERTO', '1984-08-24', 'L', 'PURWOKERTO', 4, 1, 7, 'WNI', '6285640796800', 0, 1),
(816, 330121212936, 'DIANA SAFITRI', 'PURWOKERTO', '1984-08-25', 'P', 'PURWOKERTO', 1, 2, 1, 'WNI', '6285640796801', 0, 1),
(817, 330121212937, 'ADE MARTIKA SARI', 'PURWOKERTO', '1984-08-26', 'L', 'PURWOKERTO', 1, 3, 8, 'WNI', '6285640796802', 0, 1),
(818, 330121212938, 'HILYAH MASHUNAH', 'PURWOKERTO', '1984-08-27', 'P', 'PURWOKERTO', 3, 4, 2, 'WNI', '6285640796803', 0, 1),
(819, 330121212939, 'ZAHRA AZIZAH', 'PURWOKERTO', '1984-08-28', 'L', 'PURWOKERTO', 4, 2, 4, 'WNI', '6285640796804', 0, 1),
(820, 330121212940, 'ADHITYA YOHANES MUAJA', 'PURWOKERTO', '1984-08-29', 'P', 'PURWOKERTO', 2, 4, 8, 'WNI', '6285640796805', 0, 1),
(821, 330121212941, 'FIENNY FRANSISCA FALLEN', 'PURWOKERTO', '1984-08-30', 'L', 'PURWOKERTO', 3, 1, 7, 'WNI', '6285640796806', 0, 0),
(822, 330121212942, 'NURI ARMELIA WIDIASMI', 'PURWOKERTO', '1984-08-31', 'P', 'PURWOKERTO', 5, 1, 9, 'WNI', '6285640796807', 0, 1),
(823, 330121212943, 'SYIFA YURI ERISTIANA', 'PURWOKERTO', '1984-09-01', 'L', 'PURWOKERTO', 3, 4, 4, 'WNI', '6285640796808', 0, 1),
(824, 330121212944, 'ALFIAN HIVNY PUTRANTO', 'PURWOKERTO', '1984-09-02', 'P', 'PURWOKERTO', 4, 1, 9, 'WNI', '6285640796809', 0, 0),
(825, 330121212945, 'DWI NUR PRATIWI', 'PURWOKERTO', '1984-09-03', 'L', 'PURWOKERTO', 1, 3, 2, 'WNI', '6285640796810', 0, 0),
(826, 330121212946, 'WULAN SAFITRI', 'PURWOKERTO', '1984-09-04', 'P', 'PURWOKERTO', 1, 1, 5, 'WNI', '6285640796811', 0, 1),
(827, 330121212947, 'HENDRY FITRIANSA', 'PURWOKERTO', '1984-09-05', 'L', 'PURWOKERTO', 5, 3, 5, 'WNI', '6285640796812', 0, 0),
(828, 330121212948, 'SINDY INDINIAH INDRAJAYA', 'PURWOKERTO', '1984-09-06', 'P', 'PURWOKERTO', 5, 2, 8, 'WNI', '6285640796813', 0, 0),
(829, 330121212949, 'CAHYO HARI UTOMO', 'PURWOKERTO', '1984-09-07', 'L', 'PURWOKERTO', 1, 3, 4, 'WNI', '6285640796814', 0, 1),
(830, 330121212950, 'SISCA RAMAYANTI', 'PURWOKERTO', '1984-09-08', 'P', 'PURWOKERTO', 3, 1, 7, 'WNI', '6285640796815', 0, 0),
(831, 330121212951, 'RIVAN ARDIAN', 'PURWOKERTO', '1984-09-09', 'L', 'PURWOKERTO', 2, 1, 6, 'WNI', '6285640796816', 0, 1),
(832, 330121212952, 'ROBIATUL QIBTIYAH', 'PURWOKERTO', '1984-09-10', 'P', 'PURWOKERTO', 2, 3, 8, 'WNI', '6285640796817', 0, 1),
(833, 330121212953, 'MUHAMMAD FURQAAN', 'PURWOKERTO', '1984-09-11', 'L', 'PURWOKERTO', 1, 1, 2, 'WNI', '6285640796818', 0, 0),
(834, 330121212954, 'SATRIA OKTAFIAN', 'PURWOKERTO', '1984-09-12', 'P', 'PURWOKERTO', 1, 3, 2, 'WNI', '6285640796819', 0, 0),
(835, 330121212955, 'AGNES LISTIARINI', 'PURWOKERTO', '1984-09-13', 'L', 'PURWOKERTO', 2, 2, 4, 'WNI', '6285640796820', 0, 0),
(836, 330121212956, 'AURELIA HERNINGTYAS UTAMI', 'PURWOKERTO', '1984-09-14', 'P', 'PURWOKERTO', 1, 2, 3, 'WNI', '6285640796821', 0, 1),
(837, 330121212957, 'DWI OKAWATI', 'PURWOKERTO', '1984-09-15', 'L', 'PURWOKERTO', 2, 2, 4, 'WNI', '6285640796822', 0, 1),
(838, 330121212958, 'NURGIYANTI', 'PURWOKERTO', '1984-09-16', 'P', 'PURWOKERTO', 2, 1, 4, 'WNI', '6285640796823', 0, 1),
(839, 330121212959, 'SITA PRIMA RESTI', 'PURWOKERTO', '1984-09-17', 'L', 'PURWOKERTO', 5, 4, 6, 'WNI', '6285640796824', 0, 0),
(840, 330121212960, 'LIA LESTARI', 'PURWOKERTO', '1984-09-18', 'P', 'PURWOKERTO', 4, 3, 3, 'WNI', '6285640796825', 0, 0),
(841, 330121212961, 'SANTIKA FEBRIANY', 'PURWOKERTO', '1984-09-19', 'L', 'PURWOKERTO', 3, 4, 8, 'WNI', '6285640796826', 0, 0),
(842, 330121212962, 'SYLVIE ANUGRAHWATI SUHERMAN', 'PURWOKERTO', '1984-09-20', 'P', 'PURWOKERTO', 2, 4, 5, 'WNI', '6285640796827', 0, 1),
(843, 330121212963, 'WANDA SETIAWAN', 'PURWOKERTO', '1984-09-21', 'L', 'PURWOKERTO', 1, 3, 2, 'WNI', '6285640796828', 0, 1),
(844, 330121212964, 'ARLI SEPTIANTO', 'PURWOKERTO', '1984-09-22', 'P', 'PURWOKERTO', 1, 4, 3, 'WNI', '6285640796829', 0, 0),
(845, 330121212965, 'MELIYANTI RIZKI AMANDA PUTRI', 'PURWOKERTO', '1984-09-23', 'L', 'PURWOKERTO', 3, 4, 8, 'WNI', '6285640796830', 0, 1),
(846, 330121212966, 'YUNI YOSAN', 'PURWOKERTO', '1984-09-24', 'P', 'PURWOKERTO', 1, 1, 5, 'WNI', '6285640796831', 0, 1),
(847, 330121212967, 'PRIANGGA WICAKSONO', 'PURWOKERTO', '1984-09-25', 'L', 'PURWOKERTO', 1, 1, 7, 'WNI', '6285640796832', 0, 1),
(848, 330121212968, 'ASRIA NUR IZZATUN HAQ', 'PURWOKERTO', '1984-09-26', 'P', 'PURWOKERTO', 2, 2, 7, 'WNI', '6285640796833', 0, 1),
(849, 330121212969, 'AHMAD ZAKARIA YAHYA', 'PURWOKERTO', '1984-09-27', 'L', 'PURWOKERTO', 4, 4, 7, 'WNI', '6285640796834', 0, 0),
(850, 330121212970, 'EKO ADY PRASETYO', 'PURWOKERTO', '1984-09-28', 'P', 'PURWOKERTO', 3, 4, 6, 'WNI', '6285640796835', 0, 1),
(851, 330121212971, 'SUMAYYAH AZZAHRO', 'PURWOKERTO', '1984-09-29', 'L', 'PURWOKERTO', 4, 2, 3, 'WNI', '6285640796836', 0, 1),
(852, 330121212972, 'WAHYU HADI SAPUTRO', 'PURWOKERTO', '1984-09-30', 'P', 'PURWOKERTO', 1, 1, 7, 'WNI', '6285640796837', 0, 1),
(853, 330121212973, 'NURLIA UTAMI', 'PURWOKERTO', '1984-10-01', 'L', 'PURWOKERTO', 3, 1, 4, 'WNI', '6285640796838', 0, 0),
(854, 330121212974, 'DEVI FITRI HARDYANTI', 'PURWOKERTO', '1984-10-02', 'P', 'PURWOKERTO', 3, 3, 3, 'WNI', '6285640796839', 0, 1),
(855, 330121212975, 'PUSPA AYU WARDANI', 'PURWOKERTO', '1984-10-03', 'L', 'PURWOKERTO', 3, 2, 7, 'WNI', '6285640796840', 0, 1),
(856, 330121212976, 'ANI SUFTIANI', 'PURWOKERTO', '1984-10-04', 'P', 'PURWOKERTO', 1, 1, 5, 'WNI', '6285640796841', 0, 1),
(857, 330121212977, 'AULIA SHIFA FAUZIAH', 'PURWOKERTO', '1984-10-05', 'L', 'PURWOKERTO', 2, 3, 1, 'WNI', '6285640796842', 0, 1),
(858, 330121212978, 'FANDY AZHAR BUDIARTO', 'PURWOKERTO', '1984-10-06', 'P', 'PURWOKERTO', 2, 3, 8, 'WNI', '6285640796843', 0, 0),
(859, 330121212979, 'HUSNUL FIKRIYAH', 'PURWOKERTO', '1984-10-07', 'L', 'PURWOKERTO', 2, 1, 6, 'WNI', '6285640796844', 0, 0),
(860, 330121212980, 'IKROM FAJAR ILAHI', 'PURWOKERTO', '1984-10-08', 'P', 'PURWOKERTO', 3, 4, 6, 'WNI', '6285640796845', 0, 0),
(861, 330121212981, 'LAILA MALINI', 'PURWOKERTO', '1984-10-09', 'L', 'PURWOKERTO', 4, 1, 3, 'WNI', '6285640796846', 0, 0),
(862, 330121212982, 'RHOTAMA ZHOHIRU', 'PURWOKERTO', '1984-10-10', 'P', 'PURWOKERTO', 2, 4, 8, 'WNI', '6285640796847', 0, 0),
(863, 330121212983, 'SALAMAH CHAIRURANI', 'PURWOKERTO', '1984-10-11', 'L', 'PURWOKERTO', 3, 2, 3, 'WNI', '6285640796848', 0, 0),
(864, 330121212984, 'SARAH NOVIYANI', 'PURWOKERTO', '1984-10-12', 'P', 'PURWOKERTO', 4, 4, 1, 'WNI', '6285640796849', 0, 1),
(865, 330121212985, 'SITI AISYAH', 'PURWOKERTO', '1984-10-13', 'L', 'PURWOKERTO', 2, 1, 5, 'WNI', '6285640796850', 0, 0),
(866, 330121212986, 'DIAN APRILIYANTI', 'PURWOKERTO', '1984-10-14', 'P', 'PURWOKERTO', 1, 4, 5, 'WNI', '6285640796851', 0, 0),
(867, 330121212987, 'ULAN SAFITRI', 'PURWOKERTO', '1984-10-15', 'L', 'PURWOKERTO', 1, 4, 2, 'WNI', '6285640796852', 0, 1),
(868, 330121212988, 'EVA YULIANI', 'PURWOKERTO', '1984-10-16', 'P', 'PURWOKERTO', 3, 3, 5, 'WNI', '6285640796853', 0, 0),
(869, 330121212989, 'DWI SUGIARTI', 'PURWOKERTO', '1984-10-17', 'L', 'PURWOKERTO', 1, 1, 3, 'WNI', '6285640796854', 0, 1),
(870, 330121212990, 'POPY SAESARIA', 'PURWOKERTO', '1984-10-18', 'P', 'PURWOKERTO', 2, 1, 7, 'WNI', '6285640796855', 0, 1),
(871, 330121212991, 'NINDYA ANDANSARI', 'PURWOKERTO', '1984-10-19', 'L', 'PURWOKERTO', 3, 3, 1, 'WNI', '6285640796856', 0, 0),
(872, 330121212992, 'PARAMITA', 'PURWOKERTO', '1984-10-20', 'P', 'PURWOKERTO', 1, 2, 6, 'WNI', '6285640796857', 0, 1),
(873, 330121212993, 'HANGGARA PRATAMA', 'PURWOKERTO', '1984-10-21', 'L', 'PURWOKERTO', 1, 3, 9, 'WNI', '6285640796858', 0, 1),
(874, 330121212994, 'SARTIKA', 'PURWOKERTO', '1984-10-22', 'P', 'PURWOKERTO', 5, 1, 2, 'WNI', '6285640796859', 0, 0),
(875, 330121212995, 'SELVA OCTAMI DWI SARI', 'PURWOKERTO', '1984-10-23', 'L', 'PURWOKERTO', 1, 1, 9, 'WNI', '6285640796860', 0, 0),
(876, 330121212996, 'MUHAMMAD FARIZ AULIA IRFANDI', 'PURWOKERTO', '1984-10-24', 'P', 'PURWOKERTO', 5, 3, 6, 'WNI', '6285640796861', 0, 1),
(877, 330121212997, 'RAYI NASTHITI GITA PUTRI', 'PURWOKERTO', '1984-10-25', 'L', 'PURWOKERTO', 4, 3, 3, 'WNI', '6285640796862', 0, 1),
(878, 330121212998, 'EKY SUHARYANTI', 'PURWOKERTO', '1984-10-26', 'P', 'PURWOKERTO', 2, 3, 1, 'WNI', '6285640796863', 0, 1),
(879, 330121212999, 'MARDHIYYATI KURNIA PUTRI', 'PURWOKERTO', '1984-10-27', 'L', 'PURWOKERTO', 1, 2, 1, 'WNI', '6285640796864', 0, 0),
(880, 330121213000, 'ASSYIFA RACHMAWATI', 'PURWOKERTO', '1984-10-28', 'P', 'PURWOKERTO', 1, 1, 2, 'WNI', '6285640796865', 0, 0),
(881, 330121213001, 'IZMI ARZALINA', 'PURWOKERTO', '1984-10-29', 'L', 'PURWOKERTO', 4, 2, 1, 'WNI', '6285640796866', 0, 0),
(882, 330121213002, 'AJENG AYU ANDITA', 'PURWOKERTO', '1984-10-30', 'P', 'PURWOKERTO', 1, 4, 6, 'WNI', '6285640796867', 0, 1),
(883, 330121213003, 'BIMA ARIEF PRAKOSO', 'PURWOKERTO', '1984-10-31', 'L', 'PURWOKERTO', 2, 4, 5, 'WNI', '6285640796868', 0, 1),
(884, 330121213004, 'RIZKA FENITA JAYANTI', 'PURWOKERTO', '1984-11-01', 'P', 'PURWOKERTO', 1, 1, 3, 'WNI', '6285640796869', 0, 0),
(885, 330121213005, 'SASONGKO SATRIO UTOMO', 'PURWOKERTO', '1984-11-02', 'L', 'PURWOKERTO', 1, 2, 9, 'WNI', '6285640796870', 0, 1),
(886, 330121213006, 'ELGA DESILIANA', 'PURWOKERTO', '1984-11-03', 'P', 'PURWOKERTO', 5, 4, 5, 'WNI', '6285640796871', 0, 0),
(887, 330121213007, 'ANDRIE SETYAWAN', 'PURWOKERTO', '1984-11-04', 'L', 'PURWOKERTO', 1, 2, 5, 'WNI', '6285640796872', 0, 1),
(888, 330121213008, 'KHAIRUNNISA', 'PURWOKERTO', '1984-11-05', 'P', 'PURWOKERTO', 2, 1, 4, 'WNI', '6285640796873', 0, 0),
(889, 330121213009, 'NADIA VINANDITA', 'PURWOKERTO', '1984-11-06', 'L', 'PURWOKERTO', 4, 2, 5, 'WNI', '6285640796874', 0, 1),
(890, 330121213010, 'JAMALUDIN', 'PURWOKERTO', '1984-11-07', 'P', 'PURWOKERTO', 3, 4, 5, 'WNI', '6285640796875', 0, 1),
(891, 330121213011, 'DITA', 'PURWOKERTO', '1984-11-08', 'L', 'PURWOKERTO', 4, 1, 9, 'WNI', '6285640796876', 0, 1),
(892, 330121213012, 'GLADYS NOVIA CHRISTINE', 'PURWOKERTO', '1984-11-09', 'P', 'PURWOKERTO', 3, 2, 3, 'WNI', '6285640796877', 0, 1),
(893, 330121213013, 'JAYANTI KUMALASARI', 'PURWOKERTO', '1984-11-10', 'L', 'PURWOKERTO', 1, 1, 1, 'WNI', '6285640796878', 0, 0),
(894, 330121213014, 'LITA NURONIAH', 'PURWOKERTO', '1984-11-11', 'P', 'PURWOKERTO', 2, 3, 3, 'WNI', '6285640796879', 0, 1),
(895, 330121213015, 'LUTHFI SYAFAHI', 'PURWOKERTO', '1984-11-12', 'L', 'PURWOKERTO', 5, 3, 6, 'WNI', '6285640796880', 0, 1),
(896, 330121213016, 'MUHAMMAD ZUHDII ALWAN', 'PURWOKERTO', '1984-11-13', 'P', 'PURWOKERTO', 4, 3, 6, 'WNI', '6285640796881', 0, 0),
(897, 330121213017, 'RACHMAH PUTRI MARVIANY', 'PURWOKERTO', '1984-11-14', 'L', 'PURWOKERTO', 5, 4, 7, 'WNI', '6285640796882', 0, 0),
(898, 330121213018, 'RAHMAH JUNIATI', 'PURWOKERTO', '1984-11-15', 'P', 'PURWOKERTO', 2, 2, 3, 'WNI', '6285640796883', 0, 1),
(899, 330121213019, 'RIA PURNAMASARI', 'PURWOKERTO', '1984-11-16', 'L', 'PURWOKERTO', 5, 4, 9, 'WNI', '6285640796884', 0, 1),
(900, 330121213020, 'SAADAH', 'PURWOKERTO', '1984-11-17', 'P', 'PURWOKERTO', 4, 2, 7, 'WNI', '6285640796885', 0, 1),
(901, 330121213021, 'DEVI FITRIYANTI', 'PURWOKERTO', '1984-11-18', 'L', 'PURWOKERTO', 1, 3, 9, 'WNI', '6285640796886', 0, 0),
(902, 330121213022, 'IRITA EKAYANTI', 'PURWOKERTO', '1984-11-19', 'P', 'PURWOKERTO', 5, 1, 8, 'WNI', '6285640796887', 0, 1),
(903, 330121213023, 'HENRI SYAFUTRA', 'PURWOKERTO', '1984-11-20', 'L', 'PURWOKERTO', 3, 4, 1, 'WNI', '6285640796888', 0, 1),
(904, 330121213024, 'ARNIS SASANTI TRI UTAMI', 'PURWOKERTO', '1984-11-21', 'P', 'PURWOKERTO', 5, 2, 7, 'WNI', '6285640796889', 0, 1),
(905, 330121213025, 'FEBBY LAILATUN NUZUL', 'PURWOKERTO', '1984-11-22', 'L', 'PURWOKERTO', 1, 1, 4, 'WNI', '6285640796890', 0, 1),
(906, 330121213026, 'IKA RATNA YULIANTI', 'PURWOKERTO', '1984-11-23', 'P', 'PURWOKERTO', 1, 1, 6, 'WNI', '6285640796891', 0, 0),
(907, 330121213027, 'RESTI HERASTUTI', 'PURWOKERTO', '1984-11-24', 'L', 'PURWOKERTO', 2, 4, 1, 'WNI', '6285640796892', 0, 1),
(908, 330121213028, 'HARYATI BR SURBAKTI', 'PURWOKERTO', '1984-11-25', 'P', 'PURWOKERTO', 1, 1, 3, 'WNI', '6285640796893', 0, 0),
(909, 330121213029, 'AMRIYULLAH', 'PURWOKERTO', '1984-11-26', 'L', 'PURWOKERTO', 3, 4, 6, 'WNI', '6285640796894', 0, 1),
(910, 330121213030, 'DINI RAHAYU', 'PURWOKERTO', '1984-11-27', 'P', 'PURWOKERTO', 2, 2, 5, 'WNI', '6285640796895', 0, 1),
(911, 330121213031, 'DESY DWI MAWARSANTI', 'PURWOKERTO', '1984-11-28', 'L', 'PURWOKERTO', 5, 2, 3, 'WNI', '6285640796896', 0, 0),
(912, 330121213032, 'RAMSES ALVIN SYARIEF', 'PURWOKERTO', '1984-11-29', 'P', 'PURWOKERTO', 1, 2, 9, 'WNI', '6285640796897', 0, 1),
(913, 330121213033, 'ANDIKA CANDRA', 'PURWOKERTO', '1984-11-30', 'L', 'PURWOKERTO', 3, 3, 4, 'WNI', '6285640796898', 0, 0),
(914, 330121213034, 'RORO RIZKY AMALIAH KH', 'PURWOKERTO', '1984-12-01', 'P', 'PURWOKERTO', 3, 2, 1, 'WNI', '6285640796899', 0, 1),
(915, 330121213035, 'PAUL JANSEN', 'PURWOKERTO', '1984-12-02', 'L', 'PURWOKERTO', 3, 3, 6, 'WNI', '6285640796900', 0, 0),
(916, 330121213036, 'RATNA KURNIA TYAS WARI', 'PURWOKERTO', '1984-12-03', 'P', 'PURWOKERTO', 4, 4, 1, 'WNI', '6285640796901', 0, 1),
(917, 330121213037, 'TATI KURNIAWATY', 'PURWOKERTO', '1984-12-04', 'L', 'PURWOKERTO', 3, 3, 8, 'WNI', '6285640796902', 0, 0),
(918, 330121213038, 'MUHAMAT RIYADI', 'PURWOKERTO', '1984-12-05', 'P', 'PURWOKERTO', 4, 2, 6, 'WNI', '6285640796903', 0, 1),
(919, 330121213039, 'ROSALINA FITRIA', 'PURWOKERTO', '1984-12-06', 'L', 'PURWOKERTO', 1, 3, 6, 'WNI', '6285640796904', 0, 1),
(920, 330121213040, 'MOCHAMAD FEDI ADIMOELYA', 'PURWOKERTO', '1984-12-07', 'P', 'PURWOKERTO', 5, 3, 2, 'WNI', '6285640796905', 0, 1),
(921, 330121213041, 'SHANTI SEPTIANI', 'PURWOKERTO', '1984-12-08', 'L', 'PURWOKERTO', 1, 2, 4, 'WNI', '6285640796906', 0, 0),
(922, 330121213042, 'JOKO WIDODO', 'PURWOKERTO', '1984-12-09', 'P', 'PURWOKERTO', 4, 1, 7, 'WNI', '6285640796907', 0, 1),
(923, 330121213043, 'CUT GITTA FERISA A.FEISAL', 'PURWOKERTO', '1984-12-10', 'L', 'PURWOKERTO', 1, 2, 6, 'WNI', '6285640796908', 0, 1),
(924, 330121213044, 'AGUSTINUS TRIYANTO', 'PURWOKERTO', '1984-12-11', 'P', 'PURWOKERTO', 1, 4, 2, 'WNI', '6285640796909', 0, 0),
(925, 330121213045, 'WIDYAWATI', 'PURWOKERTO', '1984-12-12', 'L', 'PURWOKERTO', 2, 2, 9, 'WNI', '6285640796910', 0, 0),
(926, 330121213046, 'ANDHYKA WICAKSONO', 'PURWOKERTO', '1984-12-13', 'P', 'PURWOKERTO', 4, 1, 3, 'WNI', '6285640796911', 0, 0),
(927, 330121213047, 'SYLVIE PRIMASARI', 'PURWOKERTO', '1984-12-14', 'L', 'PURWOKERTO', 4, 4, 9, 'WNI', '6285640796912', 0, 1),
(928, 330121213048, 'DINA PURNAMASARI', 'PURWOKERTO', '1984-12-15', 'P', 'PURWOKERTO', 2, 3, 7, 'WNI', '6285640796913', 0, 0),
(929, 330121213049, 'MOHAMMAD YUSUF SAPTADI', 'PURWOKERTO', '1984-12-16', 'L', 'PURWOKERTO', 5, 2, 1, 'WNI', '6285640796914', 0, 0),
(930, 330121213050, 'LADY FITRI NATASHA P', 'PURWOKERTO', '1984-12-17', 'P', 'PURWOKERTO', 5, 3, 3, 'WNI', '6285640796915', 0, 0),
(931, 330121213051, 'NURHAFIDAH', 'PURWOKERTO', '1984-12-18', 'L', 'PURWOKERTO', 2, 3, 8, 'WNI', '6285640796916', 0, 1),
(932, 330121213052, 'NOPRIZAL', 'PURWOKERTO', '1984-12-19', 'P', 'PURWOKERTO', 3, 2, 2, 'WNI', '6285640796917', 0, 1),
(933, 330121213053, 'SANDY OCTAVIANY KUSNADI', 'PURWOKERTO', '1984-12-20', 'L', 'PURWOKERTO', 4, 2, 5, 'WNI', '6285640796918', 0, 0),
(934, 330121213054, 'ZAENNY APRISCHASARI', 'PURWOKERTO', '1984-12-21', 'P', 'PURWOKERTO', 4, 2, 7, 'WNI', '6285640796919', 0, 0),
(935, 330121213055, 'HAMIDAH', 'PURWOKERTO', '1984-12-22', 'L', 'PURWOKERTO', 2, 4, 2, 'WNI', '6285640796920', 0, 0),
(936, 330121213056, 'RIDHA VANIA AMALIA', 'PURWOKERTO', '1984-12-23', 'P', 'PURWOKERTO', 5, 3, 1, 'WNI', '6285640796921', 0, 0),
(937, 330121213057, 'Sofia', 'PURWOKERTO', '1984-12-24', 'L', 'PURWOKERTO', 3, 3, 8, 'WNI', '6285640796922', 0, 0),
(938, 330121213058, 'Sumiyati', 'PURWOKERTO', '1984-12-25', 'P', 'PURWOKERTO', 2, 1, 9, 'WNI', '6285640796923', 0, 1),
(939, 330121213059, 'A YADI NUR', 'PURWOKERTO', '1984-12-26', 'L', 'PURWOKERTO', 4, 1, 3, 'WNI', '6285640796924', 0, 0),
(940, 330121213060, 'ABDULLAH YAZID', 'PURWOKERTO', '1984-12-27', 'P', 'PURWOKERTO', 2, 4, 5, 'WNI', '6285640796925', 0, 1),
(941, 330121213061, 'ADE CAHYADI SETYAWAN', 'PURWOKERTO', '1984-12-28', 'L', 'PURWOKERTO', 5, 2, 9, 'WNI', '6285640796926', 0, 1),
(942, 330121213062, 'AGUS SALIM THOYIB', 'PURWOKERTO', '1984-12-29', 'P', 'PURWOKERTO', 3, 1, 1, 'WNI', '6285640796927', 0, 1),
(943, 330121213063, 'AHMAD', 'PURWOKERTO', '1984-12-30', 'L', 'PURWOKERTO', 1, 2, 5, 'WNI', '6285640796928', 0, 0),
(944, 330121213064, 'AHMAD FANANI', 'PURWOKERTO', '1984-12-31', 'P', 'PURWOKERTO', 5, 4, 1, 'WNI', '6285640796929', 0, 1),
(945, 330121213065, 'AHMAD MUSTOPA', 'PURWOKERTO', '1985-01-01', 'L', 'PURWOKERTO', 3, 1, 4, 'WNI', '6285640796930', 0, 0),
(946, 330121213066, 'AMIRUDDIN', 'PURWOKERTO', '1985-01-02', 'P', 'PURWOKERTO', 4, 4, 5, 'WNI', '6285640796931', 0, 0),
(947, 330121213067, 'AMIRUDDIN', 'PURWOKERTO', '1985-01-03', 'L', 'PURWOKERTO', 4, 4, 8, 'WNI', '6285640796932', 0, 0),
(948, 330121213068, 'ANDI FAIZAL JOLLONG', 'PURWOKERTO', '1985-01-04', 'P', 'PURWOKERTO', 5, 3, 4, 'WNI', '6285640796933', 0, 0),
(949, 330121213069, 'ARI MARDIANSYAH', 'PURWOKERTO', '1985-01-05', 'L', 'PURWOKERTO', 3, 4, 6, 'WNI', '6285640796934', 0, 1),
(950, 330121213070, 'MOHAMAD FADLILAH', 'PURWOKERTO', '1985-01-06', 'P', 'PURWOKERTO', 1, 4, 1, 'WNI', '6285640796935', 0, 1),
(951, 330121213071, 'SYAHRUL', 'PURWOKERTO', '1985-01-07', 'L', 'PURWOKERTO', 3, 1, 3, 'WNI', '6285640796936', 0, 1),
(952, 330121213072, 'PUADI', 'PURWOKERTO', '1985-01-08', 'P', 'PURWOKERTO', 2, 4, 6, 'WNI', '6285640796937', 0, 1),
(953, 330121213073, 'MUHAMMAD ZAHRUDDIN', 'PURWOKERTO', '1985-01-09', 'L', 'PURWOKERTO', 1, 3, 4, 'WNI', '6285640796938', 0, 0),
(954, 330121213074, 'DINDIN SJAFRUDIN', 'PURWOKERTO', '1985-01-10', 'P', 'PURWOKERTO', 5, 2, 7, 'WNI', '6285640796939', 0, 1),
(955, 330121213075, 'DWI ISDIYANTI', 'PURWOKERTO', '1985-01-11', 'L', 'PURWOKERTO', 2, 1, 4, 'WNI', '6285640796940', 0, 1),
(956, 330121213076, 'ENDANG MARHUMAH SARI', 'PURWOKERTO', '1985-01-12', 'P', 'PURWOKERTO', 5, 3, 1, 'WNI', '6285640796941', 0, 0),
(957, 330121213077, 'ERIFAH HIDAYATI', 'PURWOKERTO', '1985-01-13', 'L', 'PURWOKERTO', 1, 2, 2, 'WNI', '6285640796942', 0, 0),
(958, 330121213078, 'FITRIA ARIYANI', 'PURWOKERTO', '1985-01-14', 'P', 'PURWOKERTO', 4, 2, 3, 'WNI', '6285640796943', 0, 0),
(959, 330121213079, 'GUNUNG DECA RIVIERA', 'PURWOKERTO', '1985-01-15', 'L', 'PURWOKERTO', 4, 1, 5, 'WNI', '6285640796944', 0, 0),
(960, 330121213080, 'HERA SA\'DIATI', 'PURWOKERTO', '1985-01-16', 'P', 'PURWOKERTO', 2, 3, 8, 'WNI', '6285640796945', 0, 1),
(961, 330121213081, 'I GUSTI PUTU GUNAWAN', 'PURWOKERTO', '1985-01-17', 'L', 'PURWOKERTO', 5, 2, 8, 'WNI', '6285640796946', 0, 1),
(962, 330121213082, 'IMRON', 'PURWOKERTO', '1985-01-18', 'P', 'PURWOKERTO', 4, 2, 6, 'WNI', '6285640796947', 0, 1),
(963, 330121213083, 'IRFANUL ISLAM', 'PURWOKERTO', '1985-01-19', 'L', 'PURWOKERTO', 3, 2, 8, 'WNI', '6285640796948', 0, 1),
(964, 330121213084, 'IRWANUDDIN H.I.KULLA', 'PURWOKERTO', '1985-01-20', 'P', 'PURWOKERTO', 2, 1, 7, 'WNI', '6285640796949', 0, 1),
(965, 330121213085, 'AHMAD SYARIFUDIN FAJAR', 'PURWOKERTO', '1985-01-21', 'L', 'PURWOKERTO', 4, 4, 9, 'WNI', '6285640796950', 0, 1),
(966, 330121213086, 'JASIM', 'PURWOKERTO', '1985-01-22', 'P', 'PURWOKERTO', 2, 3, 2, 'WNI', '6285640796951', 0, 0),
(967, 330121213087, 'KARTIKA SETYARINI', 'PURWOKERTO', '1985-01-23', 'L', 'PURWOKERTO', 2, 4, 5, 'WNI', '6285640796952', 0, 0),
(968, 330121213088, 'KHILDA NURHIDAYAH', 'PURWOKERTO', '1985-01-24', 'P', 'PURWOKERTO', 5, 3, 7, 'WNI', '6285640796953', 0, 0),
(969, 330121213089, 'ABDUL ROCHMAN', 'PURWOKERTO', '1985-01-25', 'L', 'PURWOKERTO', 5, 3, 5, 'WNI', '6285640796954', 0, 0),
(970, 330121213090, 'KUNY MAHFUDHOH', 'PURWOKERTO', '1985-01-26', 'P', 'PURWOKERTO', 5, 4, 5, 'WNI', '6285640796955', 0, 0),
(971, 330121213091, 'LUKMAN HAKIM', 'PURWOKERTO', '1985-01-27', 'L', 'PURWOKERTO', 4, 2, 1, 'WNI', '6285640796956', 0, 1),
(972, 330121213092, 'M. RIZKI MUHARDIYANTO', 'PURWOKERTO', '1985-01-28', 'P', 'PURWOKERTO', 4, 1, 3, 'WNI', '6285640796957', 0, 0),
(973, 330121213093, 'M. YADI', 'PURWOKERTO', '1985-01-29', 'L', 'PURWOKERTO', 4, 1, 2, 'WNI', '6285640796958', 0, 0),
(974, 330121213094, 'MAHBUB MA\'AFI RAMDLAN', 'PURWOKERTO', '1985-01-30', 'P', 'PURWOKERTO', 1, 2, 2, 'WNI', '6285640796959', 0, 0),
(975, 330121213095, 'MA\'RUF AKIB', 'PURWOKERTO', '1985-01-31', 'L', 'PURWOKERTO', 4, 4, 8, 'WNI', '6285640796960', 0, 1),
(976, 330121213096, 'MIA MARTINA ', 'PURWOKERTO', '1985-02-01', 'P', 'PURWOKERTO', 3, 3, 2, 'WNI', '6285640796961', 0, 1),
(977, 330121213097, 'MOH. FATKHUL MUJIB', 'PURWOKERTO', '1985-02-02', 'L', 'PURWOKERTO', 3, 2, 2, 'WNI', '6285640796962', 0, 1),
(978, 330121213098, 'MOHAMMAD ZAKY', 'PURWOKERTO', '1985-02-03', 'P', 'PURWOKERTO', 2, 3, 8, 'WNI', '6285640796963', 0, 1),
(979, 330121213099, 'MOHAMMAD FATHURRAHMAN', 'PURWOKERTO', '1985-02-04', 'L', 'PURWOKERTO', 3, 2, 6, 'WNI', '6285640796964', 0, 0),
(980, 330121213100, 'MUHAMMAD MAKHROJAN', 'PURWOKERTO', '1985-02-05', 'P', 'PURWOKERTO', 5, 1, 5, 'WNI', '6285640796965', 0, 1),
(981, 330121213101, 'ACHMAD MUKAFI NIAM', 'PURWOKERTO', '1985-02-06', 'L', 'PURWOKERTO', 2, 4, 5, 'WNI', '6285640796966', 0, 0),
(982, 330121213102, 'ABDUL KHARIS MA\'MUN', 'PURWOKERTO', '1985-02-07', 'P', 'PURWOKERTO', 2, 1, 8, 'WNI', '6285640796967', 0, 0),
(983, 330121213103, 'YUDI YONO', 'PURWOKERTO', '1985-02-08', 'L', 'PURWOKERTO', 2, 4, 8, 'WNI', '6285640796968', 0, 1),
(984, 330121213104, 'NI PUTU KURNIASARI', 'PURWOKERTO', '1985-02-09', 'P', 'PURWOKERTO', 4, 4, 3, 'WNI', '6285640796969', 0, 1),
(985, 330121213105, 'USMAN HABIBI', 'PURWOKERTO', '1985-02-10', 'L', 'PURWOKERTO', 5, 2, 8, 'WNI', '6285640796970', 0, 1),
(986, 330121213106, 'UMI WAHYUNI', 'PURWOKERTO', '1985-02-11', 'P', 'PURWOKERTO', 4, 2, 1, 'WNI', '6285640796971', 0, 0),
(987, 330121213107, 'NUR FALAH', 'PURWOKERTO', '1985-02-12', 'L', 'PURWOKERTO', 3, 3, 3, 'WNI', '6285640796972', 0, 1),
(988, 330121213108, 'TAMI WIDI ASTUTI', 'PURWOKERTO', '1985-02-13', 'P', 'PURWOKERTO', 2, 4, 1, 'WNI', '6285640796973', 0, 0),
(989, 330121213109, 'SURONO', 'PURWOKERTO', '1985-02-14', 'L', 'PURWOKERTO', 3, 3, 2, 'WNI', '6285640796974', 0, 1),
(990, 330121213110, 'PIZA ANDRIAN', 'PURWOKERTO', '1985-02-15', 'P', 'PURWOKERTO', 1, 2, 1, 'WNI', '6285640796975', 0, 1),
(991, 330121213111, 'RATIH PUSPITASARI', 'PURWOKERTO', '1985-02-16', 'L', 'PURWOKERTO', 5, 2, 1, 'WNI', '6285640796976', 0, 1),
(992, 330121213112, 'SUNDUSIYYAH', 'PURWOKERTO', '1985-02-17', 'P', 'PURWOKERTO', 4, 2, 7, 'WNI', '6285640796977', 0, 0),
(993, 330121213113, 'SHAN`ANI', 'PURWOKERTO', '1985-02-18', 'L', 'PURWOKERTO', 5, 4, 6, 'WNI', '6285640796978', 0, 0),
(994, 330121213114, 'SHOLIKIN', 'PURWOKERTO', '1985-02-19', 'P', 'PURWOKERTO', 3, 4, 5, 'WNI', '6285640796979', 0, 1),
(995, 330121213115, 'SOHIBUNAJAR', 'PURWOKERTO', '1985-02-20', 'L', 'PURWOKERTO', 1, 3, 1, 'WNI', '6285640796980', 0, 0),
(996, 330121213116, 'ABDURAHMAN FARID T', 'PURWOKERTO', '1985-02-21', 'P', 'PURWOKERTO', 5, 3, 2, 'WNI', '6285640796981', 0, 1),
(997, 330121213117, 'AFRIANI EFFENDI', 'PURWOKERTO', '1985-02-22', 'L', 'PURWOKERTO', 4, 4, 9, 'WNI', '6285640796982', 0, 0),
(998, 330121213118, 'AHMAD RAUF', 'PURWOKERTO', '1985-02-23', 'P', 'PURWOKERTO', 4, 1, 3, 'WNI', '6285640796983', 0, 0),
(999, 330121213119, 'ANDARI', 'PURWOKERTO', '1985-02-24', 'L', 'PURWOKERTO', 3, 4, 1, 'WNI', '6285640796984', 0, 1),
(1000, 330121213120, 'BAYU ROSEMAWAN', 'PURWOKERTO', '1985-02-25', 'P', 'PURWOKERTO', 3, 2, 2, 'WNI', '6285640796985', 0, 0),
(1002, 330121212121, 'YUDHISTIRA ADI NUGROHO', 'PURWOKERTO', '1982-06-02', 'L', 'PURWOKERTO', NULL, NULL, NULL, 'WNI', '6285640795986', 1000, 1),
(1003, 330121212121, 'YUDHISTIRA ADI NUGROHO pamungkas', 'PURWOKERTO', '1982-06-02', 'L', 'PURWOKERTO', NULL, NULL, NULL, 'WNI', '6285640795986', 0, 1),
(1004, 330121212121, 'YUDHISTIRA ADI NUGROHO', 'PURWOKERTO', '1982-06-02', 'L', 'PURWOKERTO', NULL, NULL, NULL, 'WNI', '6285640795986', 0, 0),
(1005, 330121212121, 'YUDHISTIRA ADI NUGROHO', 'PURWOKERTO', '1982-01-03', 'L', 'PURWOKERTO', NULL, NULL, NULL, 'WNI', '6285640795986', 0, 1),
(1006, 330121212121, 'YUDHISTIRA ADI NUGROHO pamugkas', 'PURWOKERTO', '1982-06-02', 'L', 'PURWOKERTO', NULL, NULL, NULL, 'WNI', '6285640795986', 0, 1);

-- --------------------------------------------------------

--
-- Table structure for table `tb_reservasi`
--

CREATE TABLE `tb_reservasi` (
  `id` int(11) NOT NULL,
  `pelanggan_id` int(11) NOT NULL DEFAULT '0',
  `kendaraan_id` int(11) NOT NULL DEFAULT '0',
  `tgl_reservasi` datetime NOT NULL DEFAULT CURRENT_TIMESTAMP ON UPDATE CURRENT_TIMESTAMP,
  `tgl_kembali` datetime NOT NULL DEFAULT CURRENT_TIMESTAMP ON UPDATE CURRENT_TIMESTAMP,
  `lama_reservasi` int(11) NOT NULL DEFAULT '0',
  `biaya_reservasi` double NOT NULL DEFAULT '0',
  `denda` double NOT NULL DEFAULT '0',
  `total_biaya_reservasi` double NOT NULL DEFAULT '0',
  `catatan` text,
  `karyawan_id` int(11) DEFAULT NULL
) ENGINE=InnoDB DEFAULT CHARSET=latin1;

--
-- Dumping data for table `tb_reservasi`
--

INSERT INTO `tb_reservasi` (`id`, `pelanggan_id`, `kendaraan_id`, `tgl_reservasi`, `tgl_kembali`, `lama_reservasi`, `biaya_reservasi`, `denda`, `total_biaya_reservasi`, `catatan`, `karyawan_id`) VALUES
(1, 1, 1, '2018-08-02 00:00:00', '2018-08-24 14:43:39', 2, 1000, 0, 0, 'jujul', 1),
(2, 3, 5, '2018-08-16 00:00:00', '2018-08-24 15:15:18', 2, 9000000, 0, 0, 'HUTANG', 1),
(3, 12, 7, '2018-08-16 00:00:00', '2018-08-24 20:05:02', 5, 9000, 0, 0, 'bagus', 1),
(4, 1, 1, '2019-07-02 00:00:00', '2019-07-26 16:32:14', 3, 300000, 0, 0, 'tepat waktu', 1);

-- --------------------------------------------------------

--
-- Table structure for table `tb_sts_kawin`
--

CREATE TABLE `tb_sts_kawin` (
  `kd_sts_kawin` int(11) NOT NULL,
  `status_kawin` varchar(100) DEFAULT NULL
) ENGINE=InnoDB DEFAULT CHARSET=latin1;

--
-- Dumping data for table `tb_sts_kawin`
--

INSERT INTO `tb_sts_kawin` (`kd_sts_kawin`, `status_kawin`) VALUES
(1, 'BELUM KAWIN'),
(2, 'KAWIN'),
(3, 'JANDA'),
(4, 'DUDA');

--
-- Indexes for dumped tables
--

--
-- Indexes for table `tb_agama`
--
ALTER TABLE `tb_agama`
  ADD PRIMARY KEY (`kd_agama`);

--
-- Indexes for table `tb_karyawan`
--
ALTER TABLE `tb_karyawan`
  ADD PRIMARY KEY (`id`);

--
-- Indexes for table `tb_kendaraan`
--
ALTER TABLE `tb_kendaraan`
  ADD PRIMARY KEY (`id`);

--
-- Indexes for table `tb_pekerjaan`
--
ALTER TABLE `tb_pekerjaan`
  ADD PRIMARY KEY (`pekerjaan_id`);

--
-- Indexes for table `tb_pelanggan`
--
ALTER TABLE `tb_pelanggan`
  ADD PRIMARY KEY (`id`);

--
-- Indexes for table `tb_reservasi`
--
ALTER TABLE `tb_reservasi`
  ADD PRIMARY KEY (`id`);

--
-- Indexes for table `tb_sts_kawin`
--
ALTER TABLE `tb_sts_kawin`
  ADD PRIMARY KEY (`kd_sts_kawin`);

--
-- AUTO_INCREMENT for dumped tables
--

--
-- AUTO_INCREMENT for table `tb_agama`
--
ALTER TABLE `tb_agama`
  MODIFY `kd_agama` int(11) NOT NULL AUTO_INCREMENT, AUTO_INCREMENT=7;

--
-- AUTO_INCREMENT for table `tb_karyawan`
--
ALTER TABLE `tb_karyawan`
  MODIFY `id` int(11) NOT NULL AUTO_INCREMENT, AUTO_INCREMENT=2;

--
-- AUTO_INCREMENT for table `tb_kendaraan`
--
ALTER TABLE `tb_kendaraan`
  MODIFY `id` int(11) NOT NULL AUTO_INCREMENT, AUTO_INCREMENT=13;

--
-- AUTO_INCREMENT for table `tb_pekerjaan`
--
ALTER TABLE `tb_pekerjaan`
  MODIFY `pekerjaan_id` int(11) NOT NULL AUTO_INCREMENT, AUTO_INCREMENT=11;

--
-- AUTO_INCREMENT for table `tb_pelanggan`
--
ALTER TABLE `tb_pelanggan`
  MODIFY `id` int(11) NOT NULL AUTO_INCREMENT, AUTO_INCREMENT=1007;

--
-- AUTO_INCREMENT for table `tb_reservasi`
--
ALTER TABLE `tb_reservasi`
  MODIFY `id` int(11) NOT NULL AUTO_INCREMENT, AUTO_INCREMENT=5;

--
-- AUTO_INCREMENT for table `tb_sts_kawin`
--
ALTER TABLE `tb_sts_kawin`
  MODIFY `kd_sts_kawin` int(11) NOT NULL AUTO_INCREMENT, AUTO_INCREMENT=5;
COMMIT;

/*!40101 SET CHARACTER_SET_CLIENT=@OLD_CHARACTER_SET_CLIENT */;
/*!40101 SET CHARACTER_SET_RESULTS=@OLD_CHARACTER_SET_RESULTS */;
/*!40101 SET COLLATION_CONNECTION=@OLD_COLLATION_CONNECTION */;
